id,name,legacy_firestore_id,quantity,cost_price,unit_price
54671ca0-06ef-4d95-b189-8f536c8c0ef1,glutathione injection soap,XAkDrSMpFgHZzpUHl3NJ,26.00,1700.00,3500.00
bfde7164-2482-4862-8faf-6b8e6b43c145,X 7 Lotions,1C8OodR7fGCES6pxZYTo,5.00,0.00,6500.00
d3b330db-7e88-41ba-98d0-f782ce9964be,24k Sprays,OsNoggSSWzq8arHVzCnA,6.00,0.00,3500.00
bee7f32e-a3cf-45a3-90ef-d4734950a9f6,Pure Egyptian gold,aKUiBLD6uAiMWEN9P5sB,11.00,6000.00,9000.00
2eda2d59-3ec4-4fa3-8ace-08be4476e190,VONE 45 Soap,IRJmgYLMuzBB3ld3E7FK,27.00,1700.00,3000.00
8fa25060-f27f-4e12-896a-ad7676255a0f,ponds powder small,p0Xc6QiaX0EDuyoSViUl,19.00,1000.00,1500.00
69343396-a959-4b55-9107-30b99b593b46,Kids And More Organic Fair Active,bVwFxliPwCWfYJRTLDzM,13.00,2000.00,3000.00
fdefc506-ce0b-4f28-adf4-96e28dbf9655,9Pm Spray,KAIyyCaETtIPZKAP9eII,10.00,2375.00,4000.00
7e3fb21d-1b90-4017-a70e-f0e68f5f8dca,The Ordinary Serum,lgAuhaEz4zmubFqbI6Br,13.00,8000.00,14000.00
01b5ed0e-5cbd-46c0-9329-85139323a1f1,Vaseline GLUTA-HYA,cYjtvmDKDSmWSJmUxDkz,1.00,11000.00,13000.00
b6108061-f11b-48a4-ad12-c13b15045f3f,Karis Spray,770DVHC3pwRY1Brr1GH3,34.00,2900.00,3500.00
6de1231f-bd3c-4f05-89c7-aedfe4ef9619,Nivea Advocado,3IJjm83LpzrT9n5kzD8S,10.00,5208.00,6000.00
cfd8293c-2715-4539-9616-5f1b7bf8f84e,1001 sence body splash,bXz5K9Lc51yDOQJ38GUZ,209.00,2750.00,4000.00
1d170348-49f3-4ded-89ba-8a0a1a3967b4,Official Crystal Perfum,AsGINL8fn6wB0eKpsGtZ,10.00,0.00,4500.00
b79fb0e7-0798-492b-989e-874a2e6c84b5,9pm 30ml,EB2bwC1a8pjOGLqkPfon,9.00,0.00,4500.00
d1a1d930-172c-4ccd-a297-c98712b7571c,Veet Gold Turmeric & vitamin c Soap,gHD24WojaUhmXftAgGWz,105.00,1700.00,3500.00
6a983395-9cc8-4b04-b79e-2411d6d1013f,Hollywood activator,GF5AReiacTIOkn991VMX,1.00,7000.00,10000.00
3b43ffba-f8c2-4cb3-b695-f8c2445065e9,Mega Growth leaving conditioner,50yV1YpOr9qeshH8W1i2,10.00,1500.00,2000.00
9d3e63c9-d8b4-4b12-afff-1c479395a285,Smooth As Silk soap Small,CxQvHB2AjNlKB3pvz11a,23.00,1700.00,2500.00
d93cca47-2754-47d9-bc30-7a8b6f06d6c2,Bio Cos Face Wash,DENDoJq0jrc1XKm85mXB,7.00,3500.00,5000.00
6ca31529-fe69-4cdc-8b94-b9e503c9f314,Orbi 20 Soap,LpFJd38CasaaY9dNOL7d,40.00,1700.00,3000.00
1bd2fffe-073a-4a08-8588-fa53d98cf519,Egyptian secret lotions,RgjjylHHVEai9z08CJQW,8.00,5500.00,9000.00
c1fe4eb6-035a-4693-a0a3-68d9d11e43da,beauty formula facial wash,l7uZso5HjINicRQfEIYo,9.00,3000.00,4000.00
b1206ab0-308d-4024-8c42-f6dee476d88e,veet gold young face soap,g85yXwSkBVLhbpKE7oVh,2.00,0.00,3500.00
b772d6e4-f8dd-4745-91bd-d924ef787880,advanced white soap,gveH3PBMK8VQfGsB46Qs,38.00,1700.00,3500.00
039308dc-bfa0-48a1-9536-fbed8f77e9da,Filipino Lotion,NHrg1OvFGvFLodIzqtnm,2.00,15000.00,18000.00
75674978-766d-44b4-842c-acdaf535504d,Peau Claire,a1J3pTniBQGPuwX48OWT,11.00,1500.00,1800.00
5f5e73c0-1817-4eff-a3de-4a5331fd4d78,cosmo whitening roll on,h2AjX3yGpBVopyHOxtOP,28.00,3750.00,4500.00
66bd5cbf-acdd-4596-8e0d-7adf59503f43,Fogg spray,JYoGyBIqX5l8K23HZGNN,6.00,2916.00,3500.00
3040b0b5-8aee-4dbf-910b-a7293f9f516f,so white oil,ja0wD0TZ5EMRnypvaH09,9.00,14000.00,18000.00
db912d1e-e667-4a91-bc99-d86019e6a08c,sure sprays,fiyRtEFHKi7Sx2bRywOZ,47.00,3600.00,4500.00
918dc4b5-99e0-49f0-98b6-0fd34d3ad09b,Veet Gold body wash,j2yxmxuymP14asGW768m,21.00,5000.00,7000.00
31227a4d-cb7b-41f5-9948-cf83a1d1dce3,Tcb Naturals 250ml,aYTxNV2S8r1IXNRabGvM,27.00,2200.00,3000.00
2e4f3b84-d071-476b-8d5d-f9a24ab2fcef,Irish Gold,PPtdJP7x6e8b18vnAwFF,20.00,2500.00,3000.00
37dfd862-57eb-4cff-9fe6-8f74ab94539c,Glutathione Vitamin C Face Cream,mTtX4hROph0iAnsxDjjK,9.00,13500.00,18000.00
02717708-9e07-4056-a3b6-d7398c0664e2,SUPREMACY Afnan,mE0KQDcSqocKYNcdT8LJ,2.00,72000.00,85000.00
6cbd6588-d444-460c-8d12-04f0e7c42469,KHAMRA 50ML,JY6vrYhXMRpJ0mY6Pqpr,1.00,4000.00,7000.00
a2b815e4-74ec-4fe3-820c-29ae57702c76,vaseline B3 oil1 tick,wvMTncmtjuXnCB5UtwQL,23.00,6500.00,10000.00
1d90c4ef-f323-488c-a056-1f52b6818380,HI-STEE whitening Body Lotion,6xaBn4f25p38uZnVmIpy,11.00,3500.00,4000.00
4d7f31d7-bcd8-4fb2-ae9f-ca3d6a671286,Kaly perfumes,b0uSkuz8SP8zx7Rr34Rp,17.00,6666.00,8000.00
ca27105c-ab4e-4bcc-a9a6-1f42951293b9,Face Facts Serum,BQXxPFg66OomxCNKPIzw,96.00,3000.00,4500.00
92a28837-2035-4c5a-8942-87b2b5d3a12c,Rexona Roll On,wLW1dmVr0x9zrEtq7Xug,28.00,1500.00,2000.00
6c415b7f-5c0a-4777-ba87-d7931cd3662d,vitamin e facial wash,xiK8UBlUS1IvAQ6Cie11,7.00,4000.00,6000.00
765d65fe-4a26-4920-a4af-50289db64d9d,345 cream tube,dwZRJw95ngqupGajZYvd,3.00,18500.00,25000.00
af6b991e-255b-4734-b398-dfa9762d059e,Dr Teals Body Wash,hzWLoNcAgIE2sXC9YRHi,1.00,8000.00,10000.00
d04893d9-2534-421e-b179-c7ece88fb95e,parley face soap,LbJUkjnGdJywN4sdhgp8,23.00,2000.00,4000.00
fe27aaff-7a8d-4293-902a-1d2ebf453e3d,Erha21 Hand Cream,HJcNOJnL7Wsw1yXbaNb3,9.00,1500.00,3000.00
48a78172-f401-4308-a331-77f95d61df58,classic foundation,kdUHpv6WZXkL8ZmyuhWG,11.00,4500.00,5500.00
2575d7b7-9d2f-43d6-8f16-7644cda3b4fc,panoxyl toner,L48ZFv7L8pkVs0oPTCAi,2.00,10000.00,15000.00
0480d985-f577-4617-8c25-d1665c1ae842,Be Tres,lzqAnKlOxzJmz66TDzTA,0.00,1833.00,3000.00
6cf4e1ea-c7e2-485f-beb9-4762c926edf3,glutathione and vitamin c lotion,OLvYZEGNXgheWwjExteh,1.00,9000.00,14000.00
57d9b2dc-b056-4804-9e5c-df2c5214b98c,Only You Perfume Collection,fWYcTuu0guCEntR9Tgoc,53.00,2000.00,2500.00
30ba3978-937c-4573-bb23-d669989ecd24,Advanced Korean Skin Body Wash 1200ml,1fSJNrd4IneftgKLLWRX,1.00,10000.00,15000.00
2da67baf-6696-4cd0-906e-506a9885d119,Sugar Chrome 30ml Air Fag,dxlYTmUArRwDVanx0KjY,5.00,3000.00,4500.00
7ec7002e-1987-4577-9686-a4807752be06,The Purest Glow Vitamin C And Collagen wash,Kf5KSiP2rrq5iBGHuZlL,12.00,7000.00,12000.00
65310de0-3784-41c6-a0b6-a75354cee1a5,Parley Beauty Cream,aW95F4aWHR8enZqBTQiN,50.00,4000.00,6000.00
9ce068ca-8a80-445b-85c6-80c6f303165e,Veet Gold  pack Face Soap,eiQee9SPSlzzlUYacwFV,67.00,3000.00,4000.00
263e8cda-da62-40b4-bd89-33400729f0a5,Asantee Bar Soap,60GIFmP9uJ0uBNi3Ipua,38.00,1350.00,1700.00
75ca7560-1538-4488-b8c2-e6b6d4e570e1,Nano Extra White Soap,Ar07A9a1E2BayicNR9sf,17.00,1600.00,2000.00
f57a9d14-f189-4598-bd7f-92b0a35a390e,Kuza Indian Hemp,gpPs8WE334jdPf9t6htn,5.00,6500.00,9000.00
5a120da1-4dc9-4740-bee5-cabb10a564fd,classic oil contol,IcL6oUgHpAJgAt9rAsgR,49.00,3000.00,3500.00
ea740936-4d37-4686-81b7-651d7e54e8bc,Storm Elixir,cEv64T59G0bywNs4Pdtj,116.00,2500.00,3500.00
63ea1ed7-7fee-4302-a64e-1fd4f5388d68,adour spray,xsDeAnyGjzWjoTIWSDfG,8.00,3000.00,4000.00
a14c304c-cb31-4ba6-a66a-e79a50f99a9a,Listerine Fresh Burst mouth wash BIG,lamLtsY5PmjOQX5HOi31,10.00,5500.00,7000.00
9b60b36e-1492-4ef8-9f80-900db8dab75a,9pm 50ml Rebel,akqktiZ6ShiEtaBnMKvI,5.00,4200.00,9000.00
a5fc6eb5-f3eb-4d68-889f-a3517aa5ea76,black leather and brown,BykHltPT2D7tmyGOM8UX,7.00,12500.00,15000.00
571f93f1-6fd9-4494-99fe-d4259efa4ce0,Keratin Conditioner 750ml,0t6I5EpCqEBuYcWNvBQ4,11.00,6800.00,0.00
b90006b2-29bd-4e86-8528-dc8cdae438e1,Bio Oil 125ml,oDMASarNMCsw3HbEEdGw,2.00,9000.00,13000.00
fab22a24-5291-4f00-8269-a7246931d3aa,Veet Gold transparent soap,dTFndzlBZGjdCax8Oytr,20.00,2500.00,3500.00
245d6e67-5a10-48ec-865a-198f2d861b23,Collections Sprays,jrYxwa6TvuslHxQAMs2x,692.00,2500.00,3000.00
9c457076-609c-427a-b467-c2990fc76c7c,Vaseline blue seal 100ml,KsxA7Xc7yrvLXCWl15dG,16.00,2000.00,3500.00
4480b3f7-81b3-46db-acf8-57f8bbdfbcb6,Gissah,lkPFSTwX3aWnAA9uDfx4,32.00,3500.00,4500.00
8badf6f3-b607-4efe-830f-86091e167fff,24k Perfume Set,ILk0XOetoyc05ifNJlK0,3.00,9000.00,13000.00
71294389-ee2d-42e7-84c2-a0a0f97001cf,24k perfume,wLdKpuFH0IXMDVAChy4P,26.00,4500.00,6000.00
8baf6da8-9cf8-4f5d-bf9d-431cf158ecbf,Secret Armor Splash,rUGqSnJWcVNhgBcBE0w7,0.00,2900.00,4000.00
9efc2ba5-7da8-4d0e-9377-dda5e6f20989,Monogotas Vanillaxcoco,aA8pDzIpo0Se0iVjq67X,34.00,1916.00,2500.00
3cdc3c1e-f8f3-4bd2-8dcd-5c8673d54a16,Men Sure Roll On,PfAKlZzLrMidnS6upAcP,14.00,1500.00,2000.00
e67b784d-24b4-4ac7-839d-1742f4fc8af5,Storm spray,pn3n8L1dtH4dPLvNEzML,280.00,2520.00,3500.00
619f2456-f70f-4c7a-a4c7-8945cc820101,Nivea radiant and beauty Vit C,djI26jz3qZP7sJjsjm0F,41.00,5208.00,6000.00
e847606c-1bc4-461c-b98e-ef0289395632,Parley Gold Advance Beauty Cream,OKtjnhSlDWyzXL4zrGfV,44.00,3500.00,4500.00
ee18792f-d9ac-4fde-b41b-c0b6397a7d38,Mousuf perfume 25 Ml,85hhrxDqkTqf7ZJSWEGX,54.00,2200.00,3000.00
607c7607-60ce-43e6-ac52-04706c9c0bd4,Egg Yolk Soap,y5Zt5WpJou7q76ud0QYj,33.00,1500.00,2000.00
3d9e5438-d97e-420f-ad8f-c44b815bbabc,Smooth As Silk big,3VvdXxQacXjOq2X608zc,4.00,5500.00,6500.00
53d17cfb-53ca-44c9-ad48-50002f077772,so white vitamin c,cwt1W3DZXjoQZNVORyYc,2.00,17000.00,20000.00
0418fbac-01b5-4b7d-a91c-7cd95f940faa,E45 Face cream,4IL7LHlC2TzW84obmhg5,11.00,5500.00,10000.00
77369e08-8f5b-48ea-a07b-aa0e66905f06,Nivea Sunscreen,rZgvPJUWGVLlHGP06eyR,19.00,9000.00,17000.00
759348cf-232d-48ea-90da-949bf10d44cf,Estelin Serum,yng2FfoqDbl68Tn8OhNR,28.00,3000.00,4500.00
79c80a74-5a4c-44ea-ae0c-7db7e288446c,face facts blemish wash,DFo8z3LckYH2bMQXN8oI,6.00,8000.00,9000.00
c9683ef4-3088-4beb-b1db-222d1296554a,classic makeup powder,EOWe9qupQKQsRnzOgfFB,30.00,3000.00,3500.00
c8205a7a-c17b-4bcb-84b9-daf81a36f189,Hawaii  Soap,CdRZjPay7t8cpbyXrXEr,68.00,1300.00,1600.00
49872c8b-0cd7-4c13-82c9-995198a2bee3,Sencodently,4gecPnWSBmeCJLJSF05X,39.00,1500.00,2000.00
629eff21-c4e0-4c65-9e69-831b32716afb,confetti sprays,266kkP1nGeiJRyclCqTR,39.00,3000.00,4000.00
b687ff90-f3f9-4587-aeb3-330ec3414b26,Glow  Booster Lightening Oil,2TwllUQJ3OCyTsa6KAKv,11.00,5500.00,8000.00
02ad5a39-0635-4110-918b-4291eeacfaf1,Sk Duchess Glow,idWntiQGCd1LC22eUAqD,81.00,7000.00,11000.00
d09a6b4f-e046-4456-8587-c85534e83405,Infinity Glow,0trffGZ6rtcOReKvl2ba,53.00,4000.00,6000.00
5756b27f-0cb7-4879-858c-db917196c53e,Jam Soap,H0lponSYPqpC01AA76MU,81.00,800.00,1500.00
90ad2232-a1b5-43d2-8cec-2e166c0b060c,Above Ultra Hold Dubas 450ml,c0hBVJLsarCjoHesIXdq,5.00,3500.00,4000.00
9ca1de89-a22b-43c1-98cb-11d6d4cd9385,Above ultra hold Dubas 200ml,nYirXuvRVkOchIvnYElm,4.00,2000.00,2500.00
d58a61fe-950b-4360-a228-7ebd14616807,mousuf 100ml,XhQbSx01tQ5juNhYLwpT,25.00,12000.00,17000.00
7ae0c175-e2c3-4947-aea1-9cfb43a56e00,E45 lotion,Gj5hLKAVZ86aDBu3JG8V,3.00,9000.00,10000.00
ab37c5ab-e01a-43e7-8022-8985db892907,Nasem Oil,r6ufgcqofiahqPvVV5RG,42.00,2800.00,3500.00
5ef79837-884f-41ba-8b66-c1b1bdbffbe0,vaseline blue seal,dWEm8nxN5dC58R6Q2ztI,31.00,4500.00,6500.00
a6c9306e-9483-4dcf-9669-c32be9afc6dd,St Ives Soothing Lotions,vlMVbZ605YwNVQfCSyZg,25.00,6250.00,9000.00
301d8def-3725-43e9-9b81-65399af2070a,disser oil vitamin c,VmSsF79eA8K8W1KEDJiN,0.00,1300.00,2000.00
72445699-3aa1-4ba0-9c99-fcdcb1f9cb52,Beckon big,NbO4VT0bwInpnQrnymBh,11.00,4500.00,8000.00
5eb6b9dc-39ff-4970-a0bc-f578740863ad,Hair Wax,hcEI4c1VJ7K8WoE96Ngk,11.00,1500.00,2000.00
7a4503e5-d996-452a-ab0f-cd7d2adcd1a4,Biore Uv Small,x0ENmWAhe5e5GuC1hbM9,9.00,3500.00,5000.00
336489d0-7371-4594-a0ad-b819c92f82ad,Face Facts skinbarrier moisturerasing gel,dTk2UmV40GdgyjoWwwBV,12.00,4000.00,5000.00
882e9d03-fb2a-4875-ae14-626a3dbced04,so white soap,2q8wsNJmvPFArdyQkOfq,7.00,6000.00,8000.00
624f3978-26e5-4093-8be5-23da591abc52,rexona spray,Ke0dn2vaMuE7GMVkBnvs,102.00,2700.00,4000.00
fb0a843e-d229-45ff-8f91-e84c8804ee58,DOVE SPRAYS,FzYYhDGtOH6tnvRxkSSB,114.00,3500.00,4500.00
350e6cd6-5af5-49a2-a565-411c7ed79fd4,kojie san single,si4yjCWiJpUpSWHkK68x,29.00,1500.00,2500.00
fbbe0d37-7f04-449f-bc90-03d9245778e6,Golden Glow lotion,ulHyrGOwzlFFKnsJzuJL,0.00,5000.00,8000.00
4fd1efce-5529-457c-81e4-f7f218dc63ff,Oscar Spray,Mb0RyLlZufhM0lEQMYN2,156.00,2500.00,3500.00
69102bcd-22e4-4d1f-991c-9884da06393a,right guard spray,sPDsKZMnzi5c18WVbxkm,27.00,2950.00,4000.00
2630cfe1-e7f5-4b7d-b783-37b82a16ef84,My Dear Body Splash,DwJwJUBDpD7iEzzmAroC,18.00,3333.00,4500.00
95a398dc-404c-4e57-9460-181346c6a47e,Aqua Rich Body Gel 1000ml,nENcs7kYbtl3n2kx91HG,3.00,9166.00,13000.00
a7f65aa4-f9f8-4497-9ee4-9cb84a221cac,Advanced Korean Skin lotion,09VL13g6OccZ4ORSlj2h,1.00,11000.00,15000.00
611978d3-10d6-4923-a5a4-1d6740847413,Clearasil,fim5WlyfEzK2v49ddbB5,6.00,1000.00,1500.00
12e38cf1-3d0b-48ef-b15b-78522d256874,Nivea men Deep,mDS5HTpc6DB4MtXgEfDh,18.00,4000.00,5000.00
86a1519c-8b3e-4e22-910c-ca7e2a9997ff,ageless glow divas,mflH1oaT0MVyrws2Mk2M,1.00,6000.00,11000.00
48989250-d5d7-4c39-b91e-43ba54c37754,Kuu Spa Salt Scrub Tumeric,AjJ1KkTNi58ld4KTGZrk,3.00,3000.00,4500.00
760738e8-56fd-40a8-9aaa-70bde9ecade0,Vaseline lotion UV Extra Brightening,Kku3r0yBmONMPGE0zYh6,13.00,7500.00,12000.00
8c2681e5-d7b5-4d78-85da-1a4236b3e1b0,Party Time,79flc3GdEVhJnSqOpLdk,8.00,3200.00,4000.00
4ba95ccd-68bc-4873-9c6a-83f1e0289a2f,Nivea roll on,8tgDyr9Sb1QUkQwjjEJW,159.00,1723.00,2000.00
d0a7d6aa-7c65-4530-a92a-056f41cda643,eos lotions,agNQQJuyDCfk8qX3cbDD,3.00,18000.00,24000.00
7c53f1a1-806e-4b06-99dc-07bc3d4591e3,Advanced Snail 92,wzFn7bOPn8vBWcCFSPT7,4.00,12000.00,18000.00
449f9b85-03be-41e7-a685-e0f6d42fabb0,Medix 5.5 Soap,0OITp1cviPert2Au5I6m,34.00,1700.00,3500.00
334df4db-e636-498b-9eae-fd1e0a98bc61,Smart Collection 100ml,SaaNE5jfqWPtVNuRrOcn,123.00,5500.00,7000.00
4d8b303f-fbcb-5cd9-9661-a7a0b7fe1d25,oud nuclear,bus_1768722675912/inventory/1xT3NQw6T52MmCyqmP6v,1.00,19500.00,25000.00
1dba32f4-30c7-502d-9645-1b91e336ce5f,zaon lip oil,bus_1768722675912/inventory/3NM8G6VVI3d5gvsWAU13,5.00,5800.00,4000.00
76c43ec1-571c-58a9-8d55-50aa8db41bf5,glutathione and abutin supplements,bus_1768722675912/inventory/5WqDB6koaaJhaaLQzqcY,0.00,6000.00,12000.00
835c3c55-e212-4654-98bf-22d899a3221d,nano vitamin c soap,00SM5byA3G8ciTTYzi1k,18.00,1800.00,2300.00
caaf19c5-d108-46dd-bd76-f1639ba1fb35,City Joy Vaseline One 1color,0B1sA2ZbdwBKvsYh5okj,0.00,3800.00,5000.00
3720971f-5055-4203-9a1b-5e9a63722062,St Ives body wash,0nhKzfbpLO2VjhPGrYyR,31.00,6250.00,9000.00
314b5d66-c738-4b38-88c9-85723fdd433e,Perfect Skin,1BlpySvv6XgMF7hawx2D,4.00,3000.00,3500.00
f325dd19-40f5-4f78-acdc-2f14ffb8a33f,Belle Face,1FrQqUIhlZ3OElIVRNr7,0.00,3500.00,5000.00
3f04e20b-7445-49f5-a2d7-fe294e527e9b,Skin Secret Oil,1G54uFWes8wVhg4ZKv3c,12.00,4000.00,10000.00
f36f484d-30ea-4027-ba12-afab4199b3a4,Face Fact Gel Moisturizer,1Pq0s21RA4dCcbSWtRsU,0.00,3000.00,5000.00
3b466df9-30c3-45d8-9054-30f98db0f375,Evening Primerose supplement,1R0X1wBvhRAgXmYhLbAG,5.00,5000.00,12000.00
56b49541-3df9-41f9-8649-bb6602fd5826,Deal spray,1jOQ90iOr4Mnsji5sdJc,18.00,2166.00,3500.00
0794b8bc-47af-4275-8867-737fe9d12e9d,Veet Gold Dark Spot And White Patches Corrector,1logHVxlkZCRvt0kXV2e,9.00,5000.00,10000.00
a7cf9d0d-0fac-4408-8d59-cb095637d84f,Baby Secret Amino Wash,1mY7t1DvHbArD5IBkcxB,4.00,6500.00,9000.00
88b47168-efb0-40fe-9908-031d058da31b,oriflame activelle roll on,1v0NhX4mvkKNFKsbijx4,1.00,6500.00,7790.00
f9b847ec-a3c6-4871-ae42-c3638aded49f,24k Gold Soap,28aQzG3NU9UZiSFlWTMY,18.00,1700.00,3000.00
43cbdb94-61db-40b4-b42e-380c880bfcb8,orange exfoliating,28qokpQ0TSWjsB19Iach,9.00,4000.00,6000.00
c2a39a52-8bbf-4da3-9339-d2afa38092bb,Moon White Body Scrub,2UXJ3cJPJKuK4p5Ur8m7,7.00,5000.00,13000.00
8d070266-3953-4745-a5c5-dffc0be026cd,tea tree toner,2bB9iWPED7DORaMQIxFL,10.00,2000.00,3500.00
8e2d09ca-418f-43b6-9a2e-ad1a71bf653b,rapid clear soap,2eyksgqaBKpJ76891v4x,29.00,1700.00,3500.00
c75f9b97-e270-4f7b-a96b-905d88706151,Leisure Curl,32xa4rievHIVefL3xV51,7.00,8500.00,11000.00
35b35e4c-c301-4b50-bada-609978aae9d5,Alpha Abutin Anti Spot Oil,356LQULWDvGZgeIt9RBl,6.00,6000.00,8000.00
e1550355-8079-4348-8826-c383c4633e7a,Nature Secret Carrote,38R33RSOVwLPPeCbplSf,3.00,4500.00,5500.00
e60d4790-4643-4694-b832-83595b0ac980,Bismid Skin Polish,39NgvVDENeqPOfBPrFHI,4.00,18000.00,25000.00
f83a12c0-a079-4b8e-b602-630b380358f1,Qei+ Paris Carrot,3MV2MOUVF3MmEbSM96sL,3.00,23000.00,32000.00
db39b4b0-22c2-4d73-8ff3-9a562a95146e,Veet Gold Tumeric&VITAMINC Super Whitening Oil 500ml,3TuSKJhk1sXkHMk17Ndu,8.00,6000.00,8000.00
ee479a43-6aea-4504-aa55-769eaec43ca5,Zaron face toner,3fYJi4Z6F0PvdsZ325Q7,6.00,12000.00,15000.00
ed328159-57fe-42f7-b895-802279d46879,Morgan's Pomade,3l9j9kQfIPLqdSxRKdOW,12.00,3500.00,4500.00
554e7554-cf4d-4ae5-af35-78547fd9c024,Arden Kids Lotion,3q5fDSTOF4oMX176E9DJ,4.00,6500.00,9000.00
7e9874e6-6fe0-4e52-b838-2ee879217d2e,Avanti Perfume,3uA9G1JDNBemGtiYmDZ1,5.00,10000.00,13000.00
e79e0c5d-ae2c-4d4a-81c9-cd5f69f75a5f,Clean And Clear Toner,43DzjEAI4VsDRAY6qhwv,0.00,9000.00,12000.00
0afb81a7-d1f1-4ad4-a0a9-d46853bfd2e1,Honey Glow 24k,4UCfkR7SPpY3EnkTdG42,1.00,9000.00,13000.00
0e6bfbf8-21f4-418d-86a6-a88095feb699,Nivea Body Wash Diamond,4a6a5I5hSVDBk2PTQmZ9,3.00,6250.00,8000.00
353fa697-67e2-41a9-b3f3-381957ee9b0d,matelot perfum Normal,4klON0kjMSFBEE9H6wZk,13.00,3500.00,5000.00
a8109656-8279-461e-af90-caeafded8b61,nature secrete soap,59ETUi12GuWs4Q7bkyov,17.00,2000.00,2500.00
c5d8c643-a35c-471b-ae21-fbf2ccf92054,asantee 3in 1 soap,5GUr3MAjEfcne34DbcrX,0.00,1500.00,2000.00
ab1c3f24-31ce-4e65-9060-d4badc160709,9pm Set Perfume,5YDwR9DCJpqghtXWarhz,2.00,10000.00,15000.00
203014ff-5931-4997-9662-eb79504ed7aa,orbi 20 antimarks face cream,5bJpfxTm6s7IZZAXHJet,58.00,2500.00,3500.00
29583e4b-969f-444c-80f6-63f38cfa131a,maxitoner big,5hUeS9N6ZQOemnUxzCr6,12.00,5700.00,6500.00
aa71a6b2-edd9-40b4-b0a1-90bfdda015f8,Advanced Clinical Serum,5lwPnKs7xhSQzUa2iNWy,12.00,15000.00,18000.00
109888e5-e119-42f4-8efb-63bc3dab063c,beauty formula illuminating serum,5n9XWGMa4xXJrlcxnzj0,39.00,3000.00,5000.00
4e6e83b5-489a-4b27-a98d-ee61caed19fd,nivea spray,5rfOhJPcdhaxHoyBvn1V,0.00,3900.00,4500.00
e3b6d619-89a9-4ebb-a4a1-f7613b2aeccf,LALALA OIL,6NWUiXCHSm9LylIt3Hnw,1.00,6000.00,7500.00
acfd5b9e-c022-4190-a89d-71bc124bb013,Veet Gold Sugar Scrub,6O2OBXbRu7JfoRJRbb0B,24.00,4000.00,6500.00
f4d5e691-e734-4bbf-b5ac-8ed967470252,Prince And Princess Lotion,6R3TbNkGrSpakr3neJ2t,7.00,4000.00,6000.00
1d94a9ec-e07c-4ab7-8052-c8ec90e7ea96,piment doux,6TNTWS5RLsDTsasKwQ0E,1.00,2550.00,3500.00
fab275d9-8aa7-4bb6-9725-3615abff038d,X8 MASCARA,6elwgBL4mAR3xjSRyH6O,8.00,1000.00,2000.00
9076c129-a9d6-406b-b2ce-745eac82b683,Oriflame Feminelle Wash,6oNCciHGhkRC0e9Vl4JC,10.00,11000.00,14990.00
c272c933-6484-4a52-bf94-a50190931836,dr davey oil gel,6ucbKt0EjeXxWwoCGZAc,46.00,3000.00,5000.00
a0e1e343-7f54-4b21-9adb-f21e7d83cdcc,Dr Teal Soda Soap,6yJekk5TeGF6FJdjSmVc,7.00,1700.00,3000.00
3c634cee-d9a0-455c-bf8d-d32830c61d77,Prince And Princess Body Wash,8A4RkZsKPZSOo6avb94s,4.00,4000.00,6000.00
fa2fae05-4d60-4090-91e0-21f48078e946,Vintage Radio,8AMsygkYH9LiUs95zGV5,2.00,35000.00,45000.00
e562d9ef-822c-401d-bf6c-e4a8b6a21f44,Peau De Lune face cream,8D4UXmcGLUKfplNbewRt,23.00,5000.00,10000.00
c8c457b9-1620-430b-ae78-13da50dd3b40,infinity roll on,8Gt0SDkmiB48oeoUCynv,22.00,1500.00,2000.00
48111178-b210-4f46-8dca-c969c44c111d,Dr Rashel Face Cream,8IU7RRRW3jDii7EKPRrf,12.00,2500.00,4000.00
27c3a0c8-e165-40fe-aa8f-e4ee0fc47009,Advanced Clinical Cup vitamin refined,8ItgtVBqWmEkT3PxNCFi,4.00,16000.00,22000.00
f069f432-8987-4f8c-b793-2923fce7fd95,Cerave 237ml,8JWLpJ1eeOL0wJRAwxEi,37.00,10000.00,18000.00
5a6edff7-1e5d-438b-9dcd-4ed355bd61d8,First Class Vaseline Big,8KKshLjOPWmlXwXgEaa5,6.00,6916.00,7500.00
18471d34-577d-4b51-904a-8fddc70d6908,gillate rolls stick,8hnfvzHUvdpBOBsDigWp,17.00,3500.00,4500.00
0782e094-6286-5ae6-adc8-e4c39363b6cb,vee beauty powder,bus_1768722675912/inventory/B8YrL3opcdIH2C2qWx4c,9.00,6250.00,10000.00
2395ff7e-f8c6-4b1a-ba9f-3aedec47abc4,Rich And Pure,8tQNxXafkIfn2bnwtXzV,3.00,3000.00,4000.00
b515dbe7-5fb9-4975-af4a-abd6c19465a8,Now Women  pink 100ml,9cEJKynorTwjrtpxpFfK,3.00,21000.00,25000.00
7247d2f3-92eb-47f4-8e32-6827a7b29874,Veet gold Gluta Hya Oil,9cx1u8jo98qum3rWED5G,2.00,5500.00,9500.00
67648e1a-0746-4fc2-9015-e1c47ce7353f,hit the spot serum moisturizer,9u3P0CcdpPgCL9SOC1aP,4.00,4000.00,8000.00
7ffa6274-f1c3-433b-88e1-63e8326d3135,Molato Glow Soap,9u5nnbBKqm4QruwHUMqL,33.00,1700.00,3500.00
9a2b1268-a104-4c7a-a85b-9661139e35e6,Monkids,A2EstyJP2rvp7bL7tvFQ,3.00,1500.00,2000.00
086a51bb-0224-4660-b518-5e8a3018f49d,Roushun Skin Naturals Serum,ARzbO7TQXJ5LBTg5iBH3,1.00,2000.00,3000.00
ea012a4f-4a46-4bbd-bec9-e660f24e628a,Tessori Perfume Pink,AzfMZimNhQXYowS5mzv9,4.00,0.00,9000.00
ff6ffcd5-c05f-412c-805b-2116d287ac0a,Teens And Kiddie glow,B2O3l8zuOKGnnFEYHO5R,13.00,2500.00,3500.00
5576720b-aa7b-4f6a-95ab-4726c1915a93,Garnier Skin Naturals,BRQIVUc9uLxPg2TyRZfD,5.00,6000.00,8500.00
1f52337e-cd72-409d-a136-dfe9518e4201,Seoul 1988 Serum,BWo4A4DeeExcsm5fy021,6.00,11500.00,18000.00
fb197831-cc9d-4f66-b6d3-5db1437de4c6,tcb hair cream 100ml,BY6XBTpW6AlgUoxfDsYG,9.00,1200.00,1500.00
9c3c94dc-b707-4c74-9618-2fb120429d0b,Skeen Point Body Wash 1000ml,BiARHPiNwXaE6Fx3cmmp,8.00,9000.00,14000.00
3038915f-b254-46e1-9dce-46c98131bc78,Pr Bedon Paris royal,BytHXPLtTqgR4jwjn8M7,0.00,23000.00,29000.00
a4d24a02-76e9-4acd-a7b0-cc1e75d7db57,Asad 100ml,CCdnBl590hzPfA7Tg75i,8.00,24000.00,30000.00
0b8f0049-a023-4861-b47d-fdbf3d756ecc,sadoer salicylic acid wash,CTzZFDPjTPrsBqTuetX6,0.00,3000.00,7000.00
555c5958-b1a1-44b4-8d79-cd909b6cc3a8,Face Facts Vitamin C,CYMbSjwH0lP67VUrPf3S,4.00,5500.00,7500.00
f6962b51-2665-4c1d-83bf-1b7c3d570869,Olay 14 Days,Chei6j77rM9nTKCZUOD5,2.00,19000.00,27000.00
d5e52292-f751-4998-9268-654034f06b00,Medi Cube Collagen Jelly Cream,DfLZBlZ295a4taLM2vYK,6.00,15000.00,20000.00
f4b7eaf6-7231-44fc-9dc4-0c2d02ba7e54,Body Butter Lotion,Dkl2Sfc4H4LMch7JHFjr,12.00,9000.00,14000.00
edf91ac0-6b84-523f-9034-3b18051ac2ba,Bismid,bus_1768722675912/inventory/Dbt9zaviNmkNRqV2zN6o,1.00,13000.00,18000.00
cd9edbad-4d44-46aa-a9ac-c8ecf799c075,Veet Hair Removal,E7YfJxWfklS2ceZO5f1m,11.00,4000.00,4500.00
55fb2a44-ae7b-4b05-bdcc-9f9458fe3c19,Radiant Glow Exclusive,EHNiaVEwOuphthkKQ1th,8.00,7000.00,10000.00
765bb142-4933-4e44-b0a3-c7500032f383,milk teeth,EPKFDawIK5tB8RGNI65m,15.00,1000.00,1500.00
6e65b6f0-bb97-4fe5-a005-76d988070966,beauty formula face moisturizer,F575kX868XelW0nZakbl,12.00,3000.00,4000.00
e4a86d85-c88f-4002-b714-6c58044223cc,La Roche-posay sunscreen,FU0k9AARoOc3ZviWMCHS,29.00,15000.00,20000.00
5056f570-b0bc-4b9a-8957-5ee0dd0ee94a,Celebrity Half Cast Paris,FUbSCuUqHL1u4T5rQIS5,4.00,9000.00,12000.00
8b54ec55-cf25-4903-94d6-a5a3b2bc2853,simple toner,G6xDcYiXwf1zPlvDQle8,12.00,5000.00,6500.00
4d365c3d-fb8e-46c0-a3c9-107e72c4c415,alpha abutin soap,GCyf0p5hCicxbg3X7HI9,17.00,1800.00,3000.00
3fc4acb5-22db-4c48-8431-8ac2c88505d3,Damatol Medicated,GIucs1fyRalbmrO01pJ7,12.00,2000.00,3000.00
24fc20de-d37d-4f5d-854d-e8cf6c8d2cf6,Veet Gold Body Treatment Oil,GQAKBpqw0wg10xTjYbys,24.00,6000.00,9000.00
d0a0aed1-072b-4c73-b613-9f1f73a7ef55,LC Body Wash,GmvyiXaBz08zanmBqRws,6.00,9000.00,18000.00
db62c498-452d-464b-a1be-8f3f98ed1302,Snapchat lotion,Gt8zf5zIKh4608SLiF6t,6.00,28000.00,35000.00
44ead9b6-0052-4167-819e-e4a00aa7ee2c,so white Serum,H0ZyVWwoqeRW0GhsMPfx,3.00,11000.00,13500.00
63c1704d-05a8-458b-95e1-d6cd181bb31a,Elizabeth Arden Soap,HPItojAtUOoeZkb7Ijv0,19.00,1700.00,3000.00
7eaae7bb-1976-4062-a167-23a1b930cb99,Veet Gold Oil 1000 Ml,Hf0ZG1N0l2Feu4NgG90T,67.00,8500.00,11000.00
c71fe320-bf46-41a9-8ecb-910665c5764c,Precious Kid,HolATyJCPjTLFMnKcGsR,12.00,3200.00,3500.00
decc8ad1-d260-4fcc-84e2-7b91d452b44d,Glutathione injection Face Cream,HpRcAcV6c04eehjSDsQw,10.00,4500.00,8000.00
00876074-e7c6-45d5-8d65-ec0e91cc7d05,Veet Gold Acne Facial Gel,ICtmEuEN37SAxC3SkGNA,0.00,5000.00,10000.00
2cc8df4f-1c33-4efe-bf7e-bfa448cfce01,almas oil,INylgZofOf11o4SnJsEM,0.00,2000.00,2500.00
1829e4ca-1125-45fd-bfa3-6a96af948aee,Extract Soap,KZn6c91EzGmGIi81buEa,98.00,2000.00,2500.00
517f5649-5c27-4fd6-b54d-bbc763508937,E45 Junior,IUQyg8LWlFKznHBa2b1W,14.00,4500.00,6000.00
993092e2-75df-44c0-92c5-b6aa5a2b926e,emergency perfum,IYkUuR0CuLK78dAktVZz,1.00,3000.00,4000.00
fc6a49ad-ea9e-438e-b664-cf3d51071cb6,Colgate max cavity,Iir3fzwOaUSX9gQs5XPY,5.00,1500.00,2500.00
5e8dd7ed-9ee5-48d7-9465-2c8ddc85917f,Gluta white soap,IivOLFdZ9zlVs9DQ272h,0.00,1700.00,2000.00
72cabf06-2832-4e97-814e-e363d61c1979,Bismid Halfcast lotions,J1cpMFdQ6F1yfsUYIuUJ,3.00,21000.00,35000.00
271f8607-9afa-4ad7-98a4-af05853a46c7,Vaseline Vitamin B3 Body Oil,J3EfoPidndanYPnAD76A,9.00,6250.00,10000.00
13ced343-da6e-4df6-930e-659177c7f77b,Pleasing,J3GffdHMvOY0PTWKcgZQ,8.00,4000.00,5500.00
524acc2c-dc72-40e9-8637-52f19f9b0ff9,Aqua blue,JAQON0X63iUzEE1o7ofq,0.00,8000.00,13000.00
32e3e09c-2ce1-45bd-b55b-11d9c8643234,Red diamond perfume,JJXKWrK7o2WWeyr3cL5Y,2.00,3500.00,6000.00
5a77ff0f-f188-4f24-b5f0-09a9a598cd24,Facefact Ceramide Oil Control,JskJOnZy7slVvBLcLAI9,0.00,5000.00,9000.00
0f3baa7f-d451-4cd7-8b33-286a6f31abeb,face fact serum vitamin c 50ml,JtmPSCnmJuMNlPHzumro,6.00,4000.00,6000.00
172dbb4d-ffbc-4907-8288-4eb85ae49482,Khamrah Pefume 100ml,Jxz696nVRhQuO8wq69dD,4.00,35000.00,40000.00
1c4e1408-ce98-4425-a93e-4e25a66c6785,Happiness Spray,K2DT4407OhDJJV3Bo6Sa,4.00,2750.00,3500.00
2e0ca884-3bd1-4df7-a2a1-1af9b9bca7fd,V6 soap,K87kWpRWy8Muxhc6ehQI,17.00,1700.00,3500.00
24ac46e2-2711-4ecc-a665-3de64434094d,Elixir Lighy,KARqYt2z0GKNj2mJHmp9,0.00,4500.00,5500.00
5432f4a7-1ae6-4d85-b8ce-0887bd71d6d9,Advanced Korean Face Cream,KPcmKiW2B3bMuWm2C2AO,9.00,8500.00,10000.00
f858c3b2-dce5-4e2b-9915-d32d71679e76,Lataffa Spray,KrFeZD8XyfuqMRWaTuDl,6.00,0.00,4000.00
9dd6281d-5666-4151-b99b-6d72c875e00c,Topi cream mela,LB3HfioURBZ2nH0aH4Tb,1.00,58000.00,70000.00
e0de6c83-88d7-4da1-9adc-83a8563685ad,Ameer Oud Perfume 30ml,LK7SA0bVcwY5VJxkSaOp,9.00,2500.00,3500.00
d490b386-e8bc-4d2d-af73-8286342c1d86,Hexfli sugar scrub,LLTmNdGwBYZjt7maqeHV,14.00,3700.00,6000.00
869086ac-caf9-4b73-8d56-c44bbe907f99,ramz latafa,LZEWe8jZdwhlZgjJ7nOT,1.00,18000.00,27000.00
8575b627-b31a-4edf-a207-1817d5f09b59,vanilla roll on,LgwSUlMzTMXZ0r3LUnQZ,7.00,1500.00,2000.00
766e25b7-c4ab-4b19-b2f3-7436b37aeb7a,Blemish care wash,LqI07aOPAjsuGL1yd9YL,3.00,8000.00,13500.00
bbcd11a9-255d-4784-b769-6905507fc361,Aqua Sun Screen,M48VKdVgE3X5nKPKXWFa,5.00,10000.00,12000.00
896231e4-8b69-412c-9856-7019048df660,supermacy sprays,MAQXtWuEID0RwS5iIphu,4.00,0.00,4000.00
04353df4-dcbb-4f95-a1e4-1213c82a6235,Body Fantasia splash,Mc08kaTAZb1o9BwnaJON,4.00,3750.00,5000.00
4cbcc071-4e9a-41f8-84a7-3045586b813f,Active Caviar Drip,Me8EmvvyFrXTvmE4vlLU,4.00,6000.00,10000.00
2720eb71-9fac-40ff-8151-dd7fd6840d6d,Asad 50ml,MwiIKkDDCWNEhCKXDpbL,23.00,5000.00,8000.00
eee05611-3b37-4147-b020-7410e6c24185,anua serums,NBPuJWhvaENEHx44TwEF,18.00,11000.00,20000.00
6389f6dd-4461-4d61-9b61-add329f576d9,Veet Gold Face cream,NJITwIpe9U79IMgO5E26,18.00,2500.00,3500.00
2b25bf12-478f-4f26-9b56-fa61169f4add,Via Pinky Mint Diaffuser,NZJM99HTQ2xXg7zpYfyk,48.00,5500.00,7500.00
56c4910e-1f0a-4736-acc7-d25917b523fe,Gluta Berry 20000mg Soap,NpZhDdxZCCsgPFWC0hGf,27.00,1700.00,3000.00
19ca313f-67d3-40da-8a01-8d0a1325f6d7,baby secret baby gel,OAin0F09R9BlYLMOCQPN,2.00,5000.00,9000.00
7841c75e-87fd-4d37-bf40-18e1c56e181f,Mascolino spray,OF7zIQgO3GcySVmpLGjy,3.00,4500.00,0.00
d5054485-8507-46d8-b7e7-2e5cca85a4b5,peau de lune cleanser,OIUKemwkK835dHxJe3Rj,5.00,4500.00,6500.00
2912a49e-ff7d-4f44-ada6-66475d4ee6c7,aqua rich face cream,OIYWm0ehMg84mm354hY2,4.00,9000.00,13000.00
66b96f7c-65a8-4778-bcc6-d8ae7fc22442,Morrocan Argan Oil,OPhbCOtZ9zsC8GHmP73c,69.00,4000.00,7000.00
2863adca-516a-4cac-bd07-fbef3cd0bd44,Zinc Gummies,OdFwj0OQxA8TsHh5nwDZ,1.00,8000.00,10000.00
fcf933a8-570a-465e-b429-1a2fcff267d3,munjul mud,P0sLRFY9MrogjeQYZaYj,1.00,62000.00,68000.00
961edae0-7113-4201-aac5-437e49f1190b,simple vitamin c wash,PVO2DWUL5MEDL1oJO123,1.00,5500.00,7500.00
e0ceb652-7988-49c8-a60a-c190c54acb18,Makari Crystal,PfefU4KUZIGFxhPcnmq6,2.00,100000.00,130000.00
4a82255f-83a5-4a7b-b0b5-4f1f60daf45b,Lumine carrot and gold,PgxSHCLB7MrcHrY2K3Uh,6.00,5500.00,8000.00
dea92e75-da46-46c9-a80f-fe526362079f,face fact oil control face wash,Px5EctE67v0qpxDvPb8e,5.00,6000.00,9000.00
53240f8f-3372-457a-a5f3-f2573b24d7ee,Alada whitening soap,QDaxsM6JtgChiePajmCc,24.00,2000.00,4500.00
60e5a76c-d743-4ab2-9cd9-936cc5a4afbb,Bismid Kojic glutathione night face cream,QJQK5ljNDhmrQgYrmXeh,3.00,9000.00,18000.00
0b9115b4-9c47-40c9-8b76-3dba34d82b8d,AZALAIC ACID GEL EZANIC,QK99NnCVtWlZdRI7TSXF,3.00,7000.00,10000.00
7e145d5a-8650-4633-b517-c0d4880cc0fb,mothers dream wash,QPVtH1O9hPdWK2TGOToi,4.00,10000.00,12500.00
6bb4607f-d4f2-4419-a5cc-02e19f0f46d2,Alpha Arbutin Sugar Scrub,QQy0pYNVb8Ru7xKstuAv,11.00,4000.00,5000.00
426ceae8-c92c-445d-867e-ad364d03d2e6,riggs roll on,RqSBZGSOgA6lwhL5rTPh,13.00,1500.00,2000.00
f3e0a9ca-2df4-44b1-8427-50455f9a8870,garniar bar saop,QUTPFO98A4zwgxGLQkPz,33.00,1700.00,3500.00
8932fb49-fe5e-459a-959b-77aa18c2a65c,Fair And White Miss White,QZUlvQb9LlmDV2rQfk0m,0.00,9000.00,11000.00
619490a3-56e6-5cb7-a31d-3154046e41c7,Vee Beauty foundation,bus_1768722675912/inventory/LQYJB7GNtQHZ8i14JKy0,7.00,6000.00,8000.00
61dc2a89-dc48-4393-bb25-915c76c6fc2d,Sadoer collegen serum,QaLX8ym5tK44stkszJZR,11.00,3000.00,5000.00
94a9cbfa-7a56-49e8-a732-41b749ed803f,Snapchat Face Cream,Qn68DGb8kFO9iM6tB8UH,3.00,15000.00,20000.00
25e6537a-2b43-448b-b22c-cb87041df237,Baby Secret Body Wash Vitamin C,QrIVq4fsMu3bqEWXQjzY,2.00,6500.00,9000.00
879a4704-91eb-4991-aff9-b9396b09edd4,Sporting Waves,R0is7FHMgQMK91SgSTZv,1.00,9500.00,10500.00
a6589646-2827-4c30-b576-21e2ee40e787,pr Bedon puissance,R6Mp7xPXhHcttNGtAcd5,2.00,23000.00,27000.00
56db228f-b8fd-4eed-841e-f21a64127bd4,laviniar powder,RSTlSXnI5DkvCfgl68Sf,4.00,2000.00,2500.00
f0cb186d-d3eb-47c3-97a3-1c02df67fec5,Face Facts Hydrating Cleanser,RYxAJfrnXZDa9yvtbuAn,3.00,8000.00,9000.00
b35eb53e-d264-41d2-9aca-0f541059d66f,Golden Glow Exfoliating Gel,RbVWdyVhUDADgJuaGzKC,11.00,9166.00,12000.00
7db93334-2bec-45be-bbca-d027aad411e4,Colour Me,RjTAjhOoldTQaVWuwbng,6.00,2500.00,3300.00
cbd66766-14b5-495f-a2be-d967e016fac5,Baby Secret Vitamin C Oil and amino oil,RqEV732Emk7yNeWj179k,6.00,5000.00,8000.00
521c1f1b-ef58-4588-9939-4fac20a2d2a0,hit the spot wash face,S9dXpFtiKVAi1Ql2421e,12.00,4000.00,8000.00
777db401-f427-496e-907c-2c39e570ad6f,face facts soothing toner,SLtQ1YCqlilWoHGJWhJs,0.00,4500.00,6000.00
09201308-78d1-4980-918a-8ae66b7613d3,Biore Uv sunscreen big,SQY3ACswAk8Bb4oE7s7x,0.00,4500.00,8000.00
69f8398f-db52-44b6-9fed-5eacb268e63d,My Dear Body Lotion,SmVJNqWuTUTcq1XSpR7b,36.00,4500.00,6500.00
e57dcf40-f4fa-45a1-b341-4ac570b3cad9,Ophylia 100ml,SmqqNXaiJNqi806LLGIK,3.00,13000.00,18000.00
145ffe66-f098-4b55-9e72-7a1807907aad,Soothing And Moisture Aloe Vera,SrgJvaMJVrantLG8MFCs,7.00,1500.00,3000.00
456dcde1-2a84-414d-ac5c-8ce4e54ae313,Tessori Perfume,T1bLzVxjI5db7G6QtCPX,3.00,5000.00,6500.00
d641e2c6-3af9-47ff-987b-9abc3d382391,Supremacy Perfume 50ml,TEP2GAUlu8cfJpt7E4Kn,24.00,5500.00,9000.00
309cd1f4-d9bc-46fd-8a5a-12a87ab29b60,Cerave Healing Ointment,TGRXlTq6bGkARzK1QQf4,0.00,10000.00,15000.00
e8e7ef7a-7a95-4bc6-bb7d-caa22b6de9ab,Skinpolish,TZ58woFHalvdpdumi8Ow,9.00,2500.00,3500.00
08e23b4f-bf0b-4c01-9fbd-ab702a1b3298,Estelin whitening Mask,TgyNNmrJvgC5gdYK7hMD,3.00,4000.00,8000.00
587233c9-3fd6-4a48-ada4-dd1afda3362f,Gluta blend skin whitening supplement,Tw1aETM01Tk9JN4FeFgL,7.00,6000.00,13000.00
5586a624-8964-4f2a-9787-3395926741d5,Olay Wash,U6Vp6YTH4GJ8ETzDcd4M,5.00,16000.00,20000.00
c4f5cdca-b0d2-4f45-b704-23a5c12bf139,My Dear Body Spray,U6biO4p53hMtITkZG0ly,105.00,2500.00,4000.00
600d1cf0-6977-42a5-99e3-628dcce0c12c,simple purifying gel wash,UC77wtP72IaBheWiQgMX,6.00,5000.00,6000.00
dd5d1e9b-0a83-44a8-9eb9-f42d6d797380,X7 Lotions,UNmeJTGq1PWnHKX8cOhY,0.00,5000.00,6500.00
7e1fd573-f79e-4b84-8b8d-039263c2fd1c,Pretty Be,UQUGZfkSgNBMnkNYJGg6,21.00,6000.00,10000.00
57f379d9-f917-425b-ab9a-f37cb35dabd3,Hanna Secret,Uv2NlppXkrnNbvORR5CU,13.00,0.00,6000.00
3d2c740f-684d-44d6-aa24-2d69cd78aad8,Yara 50ml,QZsBkIAPIEdrBVeiUE5E,9.00,5000.00,8000.00
2044faa3-523a-4e57-bc56-f483a6117dff,Olay Vitamin C& retinol,SPv1ZDJOOBYnPxwx8BS0,7.00,16000.00,21000.00
0bd2ea47-6861-4880-8bd2-df19dcd9d702,Tovch Colour 80ml,VGWK4gtk3aMA9DhAvONH,2.00,3000.00,3500.00
b6bf8c44-dc9d-4679-8474-94f253bf6f5d,Kaly 50ml SMALL,XsfQik4HGIDsqut4yjWd,11.00,0.00,6000.00
815ad91c-5f7c-59ba-bcd3-48a6326c3614,Nine less serum,bus_1768722675912/inventory/NaXDF9XhKK07yeVHBFLx,4.00,14000.00,18000.00
a0104c5d-6070-48e0-8755-e4f1694fbc58,Trimula Tube,VHTGsFrtVT7GAzynI2Uf,4.00,13500.00,17000.00
e1901a3d-0ba2-425c-b188-99659ba46302,Teens Glow Wash,VHbG3Bncg8RepWiIx2bH,6.00,5000.00,6500.00
c07f45fb-822e-488d-8a3e-263eff3a4162,La Roche Posay Lotion and facial wash,VINvv9a40nnHkIh19BO2,10.00,15000.00,25000.00
87d5cc4e-dce2-4fe5-ac85-b8931d6412c4,Mulatto White Lotion,VecOhSbhNEyNTKGfzR8q,6.00,12000.00,20000.00
5e858b45-c984-4d9b-a9c4-e4086999d2c1,Veet Gold  Whitenizer soaps,Vg9toVGfMt1ITsKMVnCJ,22.00,1700.00,2500.00
443111be-9f89-4647-94dc-11a966b549da,Aqua Rich Body Lotion 500ml,VnkGxd877Ql4jmQrj9wM,8.00,9000.00,13000.00
a16fc081-1a9e-45c9-bb9c-d45d0057c3de,zaron body wash vitamin c,VqRkdo1VJioRBr5kCDu9,4.00,12500.00,14500.00
a081e343-bbd3-4cf7-8154-59b47c34c9b1,fairness skin lotion,VvY3hxtescBbN31FEBCB,0.00,4500.00,7000.00
0c05c1eb-308f-432d-8410-b44a71247dfc,Fem FRESH  wash,W9i0oX7hf4eSqUWslfnS,5.00,3000.00,4000.00
90fa83bd-4f5e-4054-8a3d-d298eb33b75a,Panoxyl Acne Wash,WDe2s9MRI8oniCAQSlSb,0.00,16000.00,20000.00
efd656b2-23e2-432b-9015-16d3bb0234aa,Ram 2 Lattafa,WSPP3MtrGPwXHy38TSt4,6.00,15000.00,23000.00
b05d16d6-e523-483b-be71-b889d5d27fd8,Advanced Korean Skin Oil,WSTCasMlIsUAxtD6zRT2,2.00,7900.00,11000.00
8b863c51-d537-45fa-860d-813f295c8d17,Cotton Pads,WazmiJ1Cyq3jCvUIeGkd,2.00,3500.00,0.00
6a4c4a09-0e83-4c3d-82ed-f452b65d512d,Paris Active Tone,Wdb4RkYOnw384jUJFVFn,6.00,6000.00,0.00
f3d36172-f094-4517-bc6b-ef65eea24a0e,brown orchid,WjXHoFt3m5nnota17cnj,1.00,12000.00,15000.00
0ec0bbb0-62f1-4332-a4ee-54310dbfeac9,sadoer collagen face cream,WkyEiUdLtONh48Yn5Zv4,10.00,3000.00,8000.00
9f49d0e2-17dd-49ee-a797-68c08a308f93,Veet Gold Whitening And Firming Lotion,X0CtJiLJ6n3FBQmngOVv,6.00,9000.00,11000.00
8b32d59c-d96b-4415-83e6-4508949c2737,Palmer Skin Success Lotion,X8geKanXuZ3QAvxvkkry,3.00,0.00,17000.00
4ec6edbf-1db8-4b60-ba8b-a15ec71a31c3,Beckon Professional SKIN LOTION,XJYw7aIBXivYMWnT5w46,9.00,3000.00,5000.00
2b94c44e-7dcc-45b1-8c6d-113f39d2a15f,Mega Growth Living Conditioner big,Xh5Lw9SEMRuK2Izw4tf7,11.00,2700.00,3500.00
178a0813-568c-4049-b72c-590f39c3679d,Aneeza Gold,XpkD8QVPzXcXbCQtKLSQ,11.00,2500.00,3000.00
a5b7d226-fe2e-49de-b6cf-fc831d6b7686,veet gold pimples wrinkles and kojic face soap,Xy0Sl4EQkpCuwVpg0MCN,28.00,2300.00,3500.00
57ac56aa-b521-4dc0-bee3-dadbd0e23644,Kids Glow lotion,Y5jbVohC8SqLrZL4Z5xs,8.00,2500.00,3000.00
d58c0c14-ea81-4ba2-a38b-0c4949b45da6,CeraVe 355ml,YD03QS5Se12lzBv12L2w,13.00,15000.00,24000.00
3b43305e-a52a-4049-b4af-249f661fdcc2,Ivory Glow,YGqAKeMO6Ge4wP3Dzb0S,2.00,9000.00,15000.00
0e0c816d-e865-4980-b75a-37e39ddd70f9,Skin Doctor Paris lotion,XC63TgbZFniwc4kVfdvB,10.00,5500.00,6500.00
31790328-fcc7-5b48-b78d-c82b09591592,Bismid Korean lotion perfect,bus_1768722675912/inventory/QGsAJRZnb9rhBotmeXLu,2.00,26000.00,50000.00
29e26542-cb22-4eb8-bae3-217deec70c85,Riggs Kids,OPHIQqA4Ipuv8AAGkiBV,17.00,0.00,2200.00
bdea0820-6e86-46bd-9914-d1550415ec80,Tretinol Gel Usp,4cHFUtQR6IzBrysikkRV,18.00,5000.00,7000.00
57661bc1-0530-4245-83c4-eb7180d0c9f6,Young And Fresh,ZdYhP5NiDwoKItuXKPta,11.00,2000.00,3500.00
0e17a1e8-8b5c-4d70-89a0-ce922b8550b8,enchantor roll on,MbH0KQdKvCVhMrhNwwWS,47.00,1500.00,2000.00
23dbf5ea-a503-439c-96b9-32dc7937c3b7,Fair Child LOTION,MdEyKzcAo3qAv6nkH4f2,37.00,2600.00,3500.00
19f005bf-9ef8-4cd8-8ea3-be00f67b96dd,Icon E45 Lotion,YJ0WB0J6hB1sDkTbvSAv,11.00,8000.00,11000.00
e6a401b5-82d1-411e-960f-85d63ad9293c,Body Treat 350ml,YLdccNXdUWv3qMoMXJRM,11.00,5000.00,7000.00
108691ea-8bcd-4eab-a29e-5f1a1ddeb4a4,Palmers Lotion 500ml,Z0cFbFpGfFNoL1mp3G5U,6.00,13000.00,17000.00
d10cbecf-92f2-414f-b7df-c8f76dbb6e3c,9pm 100ml big,Z2ux3tekhpcIpYKoUzPC,5.00,40000.00,55000.00
035f4ef1-9ccd-4b24-8e17-faec2a378c7d,Infinity Paris,Z3rvAycJXjKxzVjNBi8t,4.00,1900.00,3000.00
b5b5ef4a-8054-48b5-974f-7a5c4833fd37,enchanter powder big,Z42D3REXww0MNJld2Omq,3.00,3000.00,4000.00
070345a0-ea3f-444e-9ecf-f6128988c482,now rave 50ml colors,ZAYFX7HA2w9KEaZY3fhe,46.00,4500.00,7000.00
387d4ef2-1ea7-48f6-b0fe-ccad0428f68f,Li Vitamin E,ZBvSRVJDGCh2w0mRvRVj,13.00,5500.00,8000.00
cd4159d9-dd47-4aa7-b63d-f0df30a68e0f,nivea roll on derma,ZFk5Cm5BD9EzKgA35sjj,43.00,1866.00,2500.00
0ec71971-afc6-4390-a3b7-85bf5633ed85,Brut spray,ZRUviuhhRFmVPjLj0scZ,3.00,2800.00,3500.00
89f8952d-4740-4aac-925b-ea82329b2f36,Dancer Men,ZaRrysfX8Ew3HJfwVvXO,13.00,2300.00,3500.00
831d9bb3-fe24-48e9-aa45-a96d0ca733ea,Dove Beauty Cream Bar,YqkBGZFk8NrqylMEuHBC,27.00,4500.00,6000.00
5a39716f-cfed-425f-bf2e-5a6e775c3cf0,deal perfume,ZEt0aic0GJGapVp1YQWn,5.00,4600.00,6000.00
294f10de-338d-4959-8384-b5cba71424b5,paw paw soap,Zdu1KKn6sNt2Rfeax3Gy,18.00,1350.00,1800.00
78bae6e3-0f74-4b10-bf00-5421e30cbc7d,Baby Secret Vitamin C Lotion,Zgf5uZ5hNi4Lsv1MtaOF,1.00,5000.00,8000.00
5102ae0e-fae5-4a4e-9875-455a3f30a0d4,Skin Glow Deep lotion,ZmV0XoTBBAoUvPVM5pZJ,5.00,6500.00,13000.00
b6f3631a-1681-479c-b1eb-9ceed427ef55,kiddes teens,Zwkt4wlC4KPvtqEgFqAe,12.00,2500.00,3500.00
85cfc6ff-2c4a-4cd4-a2da-ae40128b94b9,baby Face children lotion,Zx1zoL6uxqxFvcYxHw4h,18.00,2500.00,3500.00
40b9c21d-d7f1-4f28-9632-88c3a90e11e4,Pei Mei Vitamin Serum and roushoun,ZzdDQxAtRy0CpilOKMcX,30.00,1500.00,2000.00
ae082fc5-ce7f-498d-8f6d-c3c937f37de5,Minoxidil,aYkvnAN0QSNUC7QGOxZk,28.00,5000.00,10000.00
c6bd5b78-cc95-4e90-8b13-c00041889c4a,Feather Touch Hair Removal,aa3GybgDfbzLS6qdIiEk,2.00,1500.00,2500.00
365b6256-305d-4153-ae33-aafe5008dcc2,Bio Oil 200ml,ae61fGKioReVPdGP1iAa,2.00,10000.00,18000.00
7d7e1009-b2ae-4ba7-affe-6c5b092409de,Element,al47DZRtfRrg3GVL3hAv,0.00,3000.00,4500.00
9cf204ba-79f7-411d-b386-f9388d5e07ae,Nivea perfect %radiant,bMHUjUP39rDsm5TeLjZQ,3.00,4375.00,5000.00
5ca45af9-8773-4455-9e52-7456240097a5,retinol peptide oil,bjj4O73Zc7POJKO2vw0L,10.00,6000.00,10000.00
1a4bb79e-9299-4add-babd-de040613dd21,vironi pad,c1F5n9VWoZAUUWuzZVgo,7.00,1980.00,2300.00
9db05fd4-c8e4-471a-821e-abc84393b0c3,Happiness Perfume,cAJdsr0F4U58F3wyrdh6,4.00,6700.00,8000.00
39afbd1f-533f-41d6-8d6d-a12eff27a9df,Vaseline Cocoa Radiant Body Oil,cDrrh1DKwKaAjDSodWuG,13.00,6250.00,10000.00
a7df1b2a-9481-4e19-9da1-97ffbc4adc15,Dr Teals Body Lotion,cMNqoxCtI6rc7Wse5PRm,3.00,7000.00,10000.00
abb2de0b-d698-46d9-8fcd-2e3312090a3b,Longrich Toothpaste,cST7ePHMAcQu05ag4qXk,15.00,6500.00,8500.00
a02a4ff3-c623-46e9-a9eb-7fc12f11b2ec,amlactin soap,cYu8F5ne9ilGShqTGOnt,53.00,1700.00,3500.00
d5688285-51f1-442e-83f2-b932f0980809,Glow Bliss Carrot,b1JTIWWILKDNNIc981n3,0.00,7000.00,12000.00
c2e05a3b-565f-43d1-a3a4-c971c94631ad,The Ordinary toner,A7jBWAm97SrPzSl9u1qY,16.00,15000.00,25000.00
3d576d3c-ce2b-4773-9080-f6c19efe669e,Taminos Soap,fas7yzGc63S20KX6J1pb,22.00,0.00,2500.00
2b822695-b07b-460a-a5b5-53959f47386e,ramz lattafa 50ml,cbkBzlT1JlfuCNcf5Qtn,23.00,4400.00,8000.00
d8bf3d84-357e-4258-a8f6-c02c13a97ad2,anua toner,cpKjf5O4KNsP8os8sQ4n,23.00,15000.00,22000.00
19237ebf-4e52-4b65-8f09-ee296e0ee618,Ameer Oud 100ml,cquabw4M0bjAX1u2OWq2,1.00,18000.00,25000.00
00a027bd-6266-4308-9a44-08544b92cdd1,Asante Half Cast Glow,dGDe2L2L1SDmT42b1lxH,7.00,3000.00,3500.00
5c36fdbb-9e11-4345-a848-ac8d27ead89d,Super Collagen Neocell suplement,dKAuPagwdD6Uc5HVzcOw,0.00,5000.00,10000.00
9edc198b-05d7-4596-a627-4f3905ded22d,Baby Secret Super Whitening and amino,dXgM1PYFUjIR0qQLpVzb,12.00,5000.00,8000.00
852e2f6a-a24d-4bc2-8216-fff1b7350350,zaron lotion,dn3zW5bC8prIy42z3Lfe,7.00,13000.00,16000.00
54e5ced2-a49e-4f82-b355-006a0446f3c6,Bismid exclusive Mega Blast,dqMjidPTKFUmy3kPNpEr,3.00,25000.00,40000.00
121cd186-957f-4ce2-a965-eebf006295c7,fair and white gold 2,dxlrkOvacamnW61atC7J,2.00,17500.00,22000.00
87ff3f0c-575d-45d6-a71e-d2d02d720cde,teens glow baby lotion,e3Dm5F7fRKTPG2voZ77H,3.00,4000.00,6000.00
9ffc0951-0625-48d6-9775-2bf9c338eaf7,storm kids,eHfTPUotZvtcnD1u7unL,8.00,1800.00,2500.00
ab5ce128-54ed-41e1-8eb5-87c825a98256,Avanti Perfume 50ml,eHmqUSvc9KJKxZjwwxHB,11.00,2200.00,4000.00
067a24bf-c683-48ea-9437-5a5961f7d363,55H+ Paris,eIrvkta74GKYkhRZoGlG,2.00,22000.00,25000.00
b49e3d96-1c17-4220-8411-bda22ff0c5a3,Soft 7 Turmeric With Honey Soap,eih8JBO1r6lAFsU4XzbK,3.00,2500.00,3500.00
fb825f2e-c6c1-43c1-a3da-1b6d21b17868,peau de lune lotion,f2pwHtDShcSKNP9fTtJP,8.00,9000.00,18000.00
f9b2c067-6d88-480a-bba4-e0b2d757f24a,advance purity lotion,fHNvo1C2YkYDq4to2CyU,5.00,10000.00,15000.00
e84ab708-b99b-4528-8fd1-f4a405818cfb,victoria secret mist,fJ1644gcGMf8c08TBSUx,8.00,3300.00,4500.00
d8f9b587-c483-40ea-b0ea-672bd9fc3859,boots Glycerin And Rose Water 200ml,fh0L7xL5BRCmOpvqMffv,7.00,7800.00,9000.00
6a6946f4-f692-543d-8918-7e1799cb9dd6,Laura mercie powder,bus_1768722675912/inventory/WWxCYdVMl6FcDLqSWrBd,6.00,3500.00,8000.00
d2e1cbe9-f47d-5669-95c0-8765446a5a1c,fair  and white exclusive,bus_1768722675912/inventory/X2dJHwCNWXaLx91mGUPZ,2.00,18500.00,0.00
9812cc2c-05d2-4f33-ae66-48f2fca2349e,Jergens Lotion,fmwyubREPWgJblDK9V92,4.00,16000.00,20000.00
2f9a9494-1681-4b92-8e92-6dad6f43ad8e,Total Glow,fneBq6AvDkxMKENJ1laR,4.00,7000.00,13000.00
292e09ca-1925-47a5-8f0b-f00eaa13bb4e,Qei+ Privilege,g61Jdm9XPj8h8lFYr8Zu,0.00,28000.00,35000.00
fa6ab108-79d4-5880-9eab-6737f837325b,ISHQ SHUYUk Perfum,bus_1768722675912/inventory/XFmWpnwPtBWCp78HrfUb,0.00,35000.00,45000.00
02783740-3481-403e-9f67-87158feae33b,Niu Skin Lotion,g9BC59z5vUeuAZwh0h0w,11.00,5500.00,8000.00
d53785f6-9712-4be4-9821-bc296175ccbf,Paris Fair And White,gZJzKYDbyksmyGU96fxT,0.00,5500.00,6000.00
96666096-b23e-4479-a30b-f93696604a41,Glow Essentials Lotion,gjikYX0JripuKv51Ztwo,2.00,15000.00,16590.00
f50fc0ab-2d45-4cad-91e6-ae2fe448a1f6,Hit the spot face cleansing 6,gk8TjRzd5rTwN71kjIS3,3.00,4000.00,8000.00
ac8e5781-7eec-42d9-9916-7e5eccf3669c,maxitoner small,gu1iiXln6a6NMvueiTmX,11.00,4250.00,5500.00
09e2ca24-1cad-4a6c-ab7c-78d3d386b3ab,Skeen Point Lotion,hdMO4B7V22VViXW1f9QF,11.00,10000.00,14000.00
dce5d27a-e94d-4892-9722-a14186c081aa,Macca root hip enlargement,hgkLkjDUQHItLbbG2AFE,4.00,8000.00,15000.00
3c2107e7-a660-47cc-ba44-1f6d3b0b08ec,Body Butter wash 1000ml,hkXKu1vD16L9aogZ6uuR,15.00,9000.00,13000.00
aca7ae8d-e11f-4546-96b9-48acf7aac337,Sadoer Collagen 300g lotion,hmktlH3ZwPBXYYzKSEbF,5.00,4000.00,8000.00
4d740a41-dc27-4475-940e-7b91124647a3,Vaseline Even Tone,hogH58VB0VOJRLfm489v,3.00,4500.00,5500.00
4802da2e-bac6-4c98-b6b6-6a9f53775231,Chandi Whitening Cream,hpzU7NwQTSqUo8e53TCo,21.00,2500.00,3500.00
91a1d5a0-7d73-4714-a613-fde7faa23c5a,onlee u perfume,iMyqb4We3LqDIzkV7vhR,4.00,4600.00,5500.00
a5142645-e5b4-4ad5-a0b0-55c05e8c3013,special oud perfum,iiY0fUpyGB7NBlaMQmG7,14.00,5000.00,8000.00
0f00e32f-4ae1-425a-8162-682c49b949a3,Tesori D'orienta can,CFFu7hBKGJT989Pepp66,18.00,2083.00,3500.00
32db5000-e799-59b6-a5c5-bd9bf7654bdb,Skin Glow Deep,bus_1768722675912/inventory/ZmV0XoTBBAoUvPVM5pZJ,5.00,6000.00,10000.00
452b7b84-ae1d-401f-ae9c-149f9b5f7b6c,PRICIOUS KID,iprVIJlBnnm5bqP917Nw,0.00,2500.00,3000.00
7e0d3db3-6959-4d37-a7dd-808fa348b93f,Gel Douche Peau De Lune Shower Scrub,ittEFq7EfzVw8LPFjUDy,8.00,11000.00,15000.00
d82015f1-f1ee-4ccd-b63e-fbb268ec6c50,Faster White,j09aeibh5YUy8PtrDSil,1.00,15000.00,20000.00
07876690-cd16-4cea-8e98-f2d5884626b4,5d Gluta Body Lotion,jAkhQjGZtycopjfSl15F,5.00,10000.00,20000.00
054f2b31-cd2f-40dc-8b42-f3a97d01b80d,Diamond Glow,jM8grkutFm5fX5OI9Dbj,9.00,13000.00,17000.00
5f55dad1-2d7b-4c10-966f-864e82130e2f,White Season Face cream,jOIKpssIfJmNWreXlOPU,32.00,5000.00,10000.00
7dcfa4bf-addb-4de5-9a66-86bf87818cb0,Florentina powder,jRETJHqTN3vwGZ5RlDbP,0.00,4000.00,5000.00
895f4635-d8c0-43d4-95ba-c13c866d661b,Palmer's Skin Therapy Oil,jdiMehvJVbm9cFENByG9,2.00,15000.00,20000.00
59c59d7d-307c-4202-8fe3-490b6f2fb752,Final Glow Half Cast,jhTVRFDPHxu6y96I3MHR,12.00,7000.00,12000.00
2d544747-4ca8-4467-9120-69e6c961f1ce,K Brothers Soap,juyfQcRh08BLt8JpYlxx,32.00,1340.00,1500.00
4c34ea64-a589-484b-8fc3-9ad79020ce53,Veet gold tumeric and vitamin c 200ml oil,jyBCn40hzaHkTMCBwv4k,5.00,4000.00,5000.00
ce637a47-756e-4476-bb32-f8a169d5d3bf,Simple Replenishing and hydratin Moisturizer,k2uvxgiuHG43apls3sOD,32.00,4700.00,7000.00
fbea5f7a-a64f-4e70-9c4b-7c326d6fa655,sugar 50ml,kZ3t49qHYSzcpRnROJUv,16.00,5000.00,7000.00
d3ff3d43-5f85-4c87-99f1-64a2234ed5ca,Cerave Soap,ka1WGvmpzVImtlARWfg0,86.00,2000.00,4000.00
5909dc30-a4a7-44b2-8484-3140140db713,IDOLE Soap,l4tPQ4QGOGtkBihH1IKG,7.00,1500.00,1600.00
8c302954-1c63-4417-9fee-57086f97795d,Rigs Roll On,lBHbkwGAdJSG3YWx9mZB,12.00,1500.00,1800.00
ab959fe7-e14c-4b2f-bda7-8c05f0ff4cd9,Choco Musk,lME7G04qgRGDdPMELQEb,15.00,3000.00,4000.00
82a3aded-8b02-4c9e-8377-e8f0ca739172,Body Treat 500ml,lmPSGJ9JugZW2PFeQWyE,5.00,6000.00,9000.00
dae909ca-ab46-4b13-8e9b-1dc7a00ca275,Skin Care Honey Bee Caviar,lzWyIHnC1v6hmfzc2XBR,4.00,7000.00,13000.00
1ae2fd24-30ba-452f-b5d1-3c3606f78db8,Sadoer Vitamin C Tumeric face cream,mBdpVyPs50etFQ9aR4sl,7.00,3000.00,8000.00
5a9abaef-e535-4185-af2a-e5aba4c7cb66,Simple Refreshing Face Wash,m5BghAEOi2O6p2dn15Za,28.00,6250.00,7000.00
46341572-adef-4428-9c92-c395519c570d,Nivea Blue Lotion,jemlhLoG1d6OOuh9BmJl,9.00,4200.00,5000.00
53e3bf39-23d8-4a4e-b329-a2e9f6dfb41e,mother's dreams lotion,mDK9iv09FJhRsuHAuJ8P,4.00,9000.00,11000.00
1aa55475-49b3-4b1b-aac7-60676de9da49,Loudas hair serum,mrL1t99MbId2GsnIrrQQ,6.00,2350.00,4000.00
57c837ac-7d63-452a-821a-82910a9d119c,Hayaati Al Maleky 100ml,nVWR0LeRHL6xt75VHPRh,7.00,21000.00,26000.00
69dd84a0-8ccb-4187-a704-8fe46667c316,children perfume,nb9lHSBsm8HJ7UTZgQvM,14.00,2500.00,3500.00
dcaf2086-eadb-4110-b08d-19af2d7b7f40,magic shaving powder,oC3PX1f9ypTwLYgsTqsN,5.00,13000.00,18000.00
4340a975-21e4-4915-9f78-b83d8b4ab8d0,Jhalak Hand And Foot Body Cream,oghH8bfb3LZ3WKluQ6vP,12.00,2500.00,4000.00
ad30034b-56e6-4ea2-93a2-f891eb7fa5cc,Axe SPRAY,ouAQN8Dx8sIh6Xebt2pu,16.00,2416.00,3500.00
611711bc-7986-440d-9869-a62a2988bc27,Medix 5.5 Junior Body Lotion,owTAp3PApOKcpPTV0r0G,3.00,4000.00,6000.00
5309d431-021c-4b60-ae7e-b64dee5c0980,tea tree facial wash,ox2YLf4Bzro1xdjSou2h,11.00,2500.00,4000.00
78006259-9849-4965-ad48-8307fed6f48a,club de nuit 50ml,pfXwPgAUExBDHotakxhU,27.00,4000.00,10000.00
fb60a64d-143e-427f-af01-a394688e2109,Hug Perfume,qHjOmHu63An2jfjF9Nfa,6.00,0.00,6000.00
671785dd-002f-510b-a986-bf57fc22d3a9,suspensor perfume,bus_1768722675912/inventory/cECmzQEPbqL6uhSwHabW,3.00,15000.00,20000.00
203620d1-3fd6-41af-a1de-a00111eac02d,Dr Comely Massage Oil,qg9gTJrtDBWTqy49FnIB,19.00,5000.00,7000.00
839c086d-97a4-4968-bf9d-45161c90a674,Ultra Set 450 Ml,qnrXn6OPxO8ERIvWCzlQ,19.00,3500.00,4000.00
e13905d1-3d58-4705-bac0-fec7520d9011,Gen Z Lotion,r9P9ZFCrqI9wciZrdLEL,6.00,13000.00,20000.00
d7c9c8b1-471e-46ab-9c51-066628eb00ca,Alpha Arbutin Collagen Soap,rbh2iSJmtQV0tE4c5Orx,1.00,2500.00,3500.00
3f2f4fc6-bf0b-426c-ac8c-deb64140d33c,listerine mouthwash small,rfhCZrRDhyDbyLjnGSvS,14.00,4000.00,5000.00
ffac5641-2feb-4006-acd8-3ac381dacf52,Pro Lab Lotion,s7ZK6TXV9v2O0QlcObxx,7.00,8000.00,13000.00
efacfc91-0a33-4a75-a339-e81a02ece3cd,levinia powder,sF8aM6ysHjTLTcViJMf5,10.00,1500.00,2500.00
b16a9de1-fa1a-43df-b82a-6c87e74fe6ee,Aventos,sJc35qA7Dx21z7dL4eDC,2.00,15000.00,22000.00
c2e685a4-3e7f-4fd5-a660-f845d5194181,Touch Oil,RFq2u4eLzxOrdbJlZrwy,111.00,888.00,1000.00
c1664cce-6c00-47ef-9986-11cd78700bf9,Kojie San Soap 3 in one,VfYc465P0g615vj9531k,15.00,5000.00,10000.00
65b6c03c-622b-47f1-9bb5-9c8ead85f854,probiotics  women,sNu4NFRuJa8mVhmuynW8,6.00,7000.00,15000.00
5fadb1d4-2076-48b0-887d-9f735cc7c6e5,Age Balance Body Lotion,sOmng0PIcgEFztUllxRe,23.00,2500.00,4000.00
30f07ec0-df09-426a-8ee7-bf81adfb142a,Topsy Lemon Fresh Lotion,skxDmD6noZxeXuWQXbb0,24.00,4150.00,4500.00
c09d7748-91ca-4c65-9246-237dac28db05,Pr Bedon Carrotte,te8f7dmZHIjuZHCFGI4g,4.00,23000.00,27000.00
efcc72d0-9f24-4e3d-b037-71008ed2f02d,Acwell Toner,tuDZiVw8WyA7n3Pxw5J3,11.00,10000.00,16000.00
f1bdd823-6584-406d-9e08-3da7c312854c,first class vaseline small size,tvD6bfcPrq1sFLompcnf,6.00,4583.00,5000.00
b8336576-eb5e-44a6-9c22-32fd1aaf1a91,Hayatti 30ml,u8xNWSCZEi5gl6HKgJNu,17.00,1500.00,2500.00
8e547323-bd10-46c0-95da-b80c769b96bf,Tiam Serum,uAI9vMj4E1ouyqMIifGO,2.00,10000.00,15000.00
74de7b93-1bd5-4b1d-b1e0-26d093d70400,Amlactin Small,uBhpEs6C33YXA54H542P,6.00,15000.00,20000.00
cdb44348-25e8-42ac-bef4-f90c35d79079,Asantee 4 In 1 and 3 in one soap,uBjbLmoMcTIc8mmJs3oS,14.00,1500.00,2000.00
1fbefbb2-bf51-4ca7-88d5-f2727ab1b47c,Nature's Magic Lait De Beaute Glutathione,uJqqFLqSZP1lirw1iRD9,21.00,3000.00,4000.00
c80b5890-0758-4f7e-84ea-8ac9daa7467c,Pearl Gold Niacinamide Soap,uLrkjtZDVClcnKJJGdSu,3.00,1500.00,2500.00
2c7b0280-7736-4ad0-adcc-64c0e0b02c7c,aventos 50ml,uRUJJMM9ANRUGSIntvtG,0.00,4000.00,8000.00
ecc93c71-b67d-4800-85e8-6f350625e235,Almond Herbal White Lotion With Lotion,uU7S4jlKt4uQGGjtjHDy,10.00,3000.00,4500.00
8c5bf260-04cc-4bd0-9f1c-08a6c4da3993,Eau Perfume,uZAy5ogq5Y4MZN7H1Nc2,37.00,3000.00,0.00
deb78060-80fe-425a-9a55-fda624604ec8,Simple White Soap,uZmXKOS8beEBMjj69JqA,28.00,1700.00,3000.00
ae11d77b-be0e-4df5-933e-7d1c272aaab1,Beauty Wipes,uiV3qNrFywaI9PxzzA1U,15.00,500.00,1000.00
7ae1b9a0-680d-46e3-a1dd-06de3dd7fe64,Van May,uxNkKvPstlWeYmPD2eZn,6.00,10000.00,15000.00
6ecb404d-8ad0-4fff-bc7c-4adb065dbbd6,New Musk Men,v9kBvKUEKgG6vsRvCtvW,10.00,9000.00,12000.00
1e9d93d0-e22a-48fb-abe7-0c74cad701f3,dancer perfume,vav5IxyJqHLflG6N6DEn,0.00,8000.00,10000.00
9a8807b2-ab8d-4fdc-9b9e-1c25966cdb8d,Vaseline City Joy 2colors,vv5lPD7FSZ2tr5yyFy6U,2.00,5420.00,6500.00
330e10b6-6e1c-4709-ac23-7fcfb7e0924e,smart world 30ml,vxfoSs86m1Bqw9r8GAvf,19.00,3500.00,4500.00
6449ba9d-6f38-4880-8c92-53b750952211,club de nuit 100ml,vHPGd7MUHmQWpNwDHvJ9,1.00,41000.00,50000.00
58a47d81-718f-4edd-a49a-d73291c0997d,Cosmo Roll On,sl8gLn8AL0F3wwuO1X5V,50.00,2500.00,3000.00
053518d7-33e7-4afa-ad11-641d10b1259b,fair lady lotion,v4DiKUY3o6d6DtnE6NF5,15.00,8000.00,10000.00
af712bb2-3e3c-4a70-8358-3fd42551b596,munjul addictive ambergris,k6w8BzhXgnlKfg4e4OkF,5.00,36500.00,43000.00
3d893e0c-0786-4ae1-977b-25c53cdac371,Bio Cos face cream,wJAQrgjPwNrZpQTfCpMR,25.00,6000.00,10000.00
0a4f51a7-502e-40e9-a80b-9a108159f383,Young & Fresh Wash,wVAPj9O3VwFnukvg9ta4,3.00,6000.00,9000.00
5882ff46-ecfb-49b3-9422-d160989d48c9,Biocis Beauty Cream,wdimQMjU9MngFHa0B1AD,1.00,1500.00,5000.00
a6b6aebc-ddfc-454c-aad6-1e7e98e01a95,Qaed Al Frusan,wjBKcaILaXfgtjXN8E3z,6.00,19000.00,25000.00
b6fe00f6-a708-412c-b391-9b8a701f5535,Yara Spray,wqaSwrxVng16tKZPswAq,2.00,2800.00,3500.00
14463803-982f-4501-ada5-cad2be31126f,F&w so white maxitone,wyXXHCNb7BHoq257uyPS,2.00,16000.00,22000.00
db87aeaa-9a36-4501-a7fc-ab08ec97b5fa,Eos Shea Butter Soap,x8x7MDWmYSBIzLLcJv5J,10.00,1700.00,3500.00
2f8c947f-feed-4d1e-9ffe-39336b57c2d0,DOVE ROLL ON,x9f63tSg4vpNzhjmbOp7,21.00,1500.00,2000.00
c9f4f8cf-6142-46b7-8216-c6e681c8c17d,Fair And White So White,xEDkgzpwZrDadtK0qOA0,15.00,15500.00,20000.00
7473ada0-a0ca-4d6e-84c2-8beff3c7f6e4,Fakhar Lattafa 100ml,xFYmxjDsUCKDODLvisEL,2.00,22000.00,27000.00
241949a3-5919-4e75-a126-6cb037c2e2b8,tea tree scrub,xUboF0excFbO5ug7zuIY,10.00,3000.00,4000.00
64e1aef5-fe0f-4b12-b3a9-720533c766fc,Saam Face Cream,xlgA48MtuvPGdEpBE4ke,3.00,9000.00,15000.00
fe38ab7a-c922-4dce-990b-d853d0db76e6,Asantee Perfume,xxDGlvgK5iCqzF0rBUas,3.00,3200.00,5000.00
e33c6196-498f-4899-8923-9c6254cc711a,visible difference,y8R6BOmNrQZMA5AiNAwT,5.00,5000.00,7000.00
35d63d0a-df79-4627-9f91-3e512015367e,neutrogena body oil,yIj4nSGicjjfi9J95ip9,0.00,20000.00,25000.00
9615f77f-b51b-416b-b9e7-d7c1dd627fbe,Kuu Spa Salt Hya And Vit C,yTZuCJQwh8ieakU0CObA,0.00,3000.00,4500.00
3f41ee38-5819-40e7-9de7-6902595e5e57,Nivea Nourishing Cocoa,yq0dArMgA1vi0tQHi1sN,3.00,4000.00,4500.00
f86b969e-2d8f-4241-b22d-deba3062e273,Pr Bedon Paris Supreme,ytHCviiF6lCiFOoBmfGL,0.00,27000.00,31000.00
8244c286-e519-4c78-8992-9b107974fdcc,Medix 5.5 Junior Body Wash,z1aLxzC2sEDKa2LLWvp2,7.00,4000.00,6000.00
7f4d1214-115f-4519-820b-21bb4e0f8dea,Benek's Fashion Cream,z6yXNsJejOvAF9VqaJQL,8.00,1500.00,1800.00
b3394e0d-71f6-484f-8171-dc4c3ffe6553,Glow Theory Body Lotion,z9LXNRpICrAQOU1T1R4n,4.00,10000.00,13000.00
597845cd-8fcc-4083-bf22-6618c4ed2395,vanilla essence spray,zLQwHEBxfanPD346JS9q,7.00,3000.00,3000.00
b3fd5b28-82c5-4d66-84e8-89abbb5d888d,K Brothers body wash,zLdDEWhDpn3bANJ4co6e,11.00,5000.00,9000.00
b3d21d7d-c121-40c7-91af-d325890eaeb6,recovery oil,YeDodxwPEDe1PFNwSweU,7.00,3000.00,6000.00
3346a541-23a7-436a-8a09-55b0dc65d1c2,Soft 7 wash,zi2PelUB90GCjSCPuDFf,0.00,6000.00,10000.00
1f1a82de-91fa-42c9-aadc-53040ee7ee1d,Medix 5.5 Lotion,zl3vqg3B6KvaS2SrrVJH,27.00,13000.00,20000.00
8480141d-9827-54de-a690-7444a0c6d144,Gluta whiting wash,bus_1768722675912/inventory/iDAuLdnSozrHSGN77n4R,1.00,10000.00,15000.00
c045666d-3c1f-4370-9ac3-cd0b4eb39510,Vanilla Crush,zXF5g1Nu9XSZfcWT7Fog,12.00,1600.00,2000.00
dd8f5233-a5b7-4bb0-9d6c-a00dc4d89c74,Dove Soap Glowing Wash,xEDJrJ4ILfEv6GAQ5FxK,16.00,5500.00,9000.00
9144deb7-adcc-5a60-88c5-f112eb7c055e,pure white gold,bus_1768722675912/inventory/pOOJofwXErAykhqyuuF7,2.00,5000.00,6000.00
d083d7ba-76ec-5a31-add1-6fbee843b772,loudas hair serum small,bus_1768722675912/inventory/p9dPJox2hLa7Dtxja9PL,1.00,1200.00,2000.00
39a84ce9-156a-431b-92f2-eb31c7fa1225,Fair Child soap,EHH9EX4pl8af5o9hyQzZ,45.00,1000.00,1500.00
ccff7716-0c16-5113-8775-ba3afe3796c8,whitening skin 90000mg,bus_1768722675912/inventory/qRL5FUrk7GkJHfvhdyVr,2.00,5000.00,8000.00
8969ce38-09b2-56d5-a0b7-dfa9f8f11bd8,glutathione 9000mg,bus_1768722675912/inventory/qeFw02MSjofVVEfbyzIM,1.00,5000.00,15000.00
6504f709-a7b0-4cfb-a5d9-de57d9083b48,Miss Queen Gold face cream,2Cw7L6XLC57AuUn03V4i,40.00,4800.00,7000.00
88907e8f-07b0-5451-80c0-03e2c20a5566,maahir,bus_1768722675912/inventory/tSQhLdQGyKHBeH8XcTdA,1.00,30000.00,40000.00
02565f43-3776-4ef7-b875-6a4f6a4e78ef,Doobai Body Spray,R2QXfm7GoZSWRP0h1KrS,8.00,3000.00,3500.00
be66ea92-bd2f-5aa9-b8a6-d70480ebf00a,sos lotion,bus_1768722675912/inventory/vStm9rt9xkyduI6tyoHF,0.00,4500.00,7000.00
1f2150b8-6038-4d35-b2ff-265819259553,Terrapin Trading Soap,05HDy7oszJfjs0b73g0M,23.00,1700.00,0.00
3e81e872-70a8-4b75-b353-3213b8caceb5,Unique Glow Face Cream,07YvrLbbZq6sKKUPjmvt,0.00,2500.00,0.00
1d9ae3ac-da9e-4dfe-8e62-cbce86104f95,ushas pallate,0878fNjjec5GNk3DDMoM,6.00,0.00,8000.00
9fcaba69-c245-4b6e-9c1b-4afbdab7dd99,Face Facts soaps,0DQ1F3McBxp5WabJ5t7q,71.00,1700.00,3000.00
79bc4ab8-3a8b-4b7d-9642-c31d29a7fb00,Elegance Gold Make Up,0c5RxiZYS1aFjZix5RK5,2.00,0.00,3000.00
b2b64214-28f0-4148-a6a0-f0b324834e6c,Longrich Snake Oil,0jnXgz42IqJutF9Za0AS,9.00,2500.00,0.00
85e3d2e7-5084-458d-a149-5603feda2eb1,Collagen Gluta,0qs7iOGKWwiGGPRKB4cU,2.00,0.00,15000.00
b41788a7-e1c9-48ac-a9c2-299e4ca482c7,Shine N Jam 454g,0s5pjMHnxfxXRZfjGLZt,0.00,0.00,8000.00
9c6e2da1-1fc9-4eba-a179-8b9c764d8273,Intense Oud,0wBjzQp84tAF8tAp49ss,3.00,0.00,20000.00
3c59c5be-b603-47fd-a384-c8891c6eb7d4,Omni Gold Soap,0yGUxRpZoxDlzqvzipVt,1.00,0.00,3000.00
1f29adef-317b-4559-b67b-4dcff7398c30,classic lip oil,1p8ZQ1rYRaoEXIVnAN5d,47.00,0.00,2000.00
7a1ec8a6-e8ed-4f1e-9eb3-dcb7a7b59367,zaron brown skin powder,1M7TJuIg5hskhRQg0lyX,4.00,11000.00,0.00
5caff9dd-3f21-42d6-8e4a-3b840671a6e9,Mousuf 50ml,0E1byxjhsxaOw07mBJmT,25.00,3000.00,5000.00
e1815615-12a6-4146-882f-dd286c2e7672,CLOUD 9 PARIS LOTION,1X75z8U36AniJFpfAC6s,5.00,0.00,18000.00
6f68ac19-d948-47d5-81bf-53c56a089a72,Dr Round Almond Oil,1covdF8N2gfWyhn274Xx,29.00,0.00,4000.00
7a92373b-71a6-44be-a35f-f427374e8f55,Skin Whitening And Toning Soap,1fJ4G0rcgaTYmQtKmOJB,0.00,1700.00,2000.00
91d50401-f455-4ca0-8195-8cf83ffc232a,Cider Cool Soap,1fnurrJm7IGdAkVZASZ8,3.00,1700.00,0.00
748c3d81-a2bd-4802-bf8a-b3f821706a03,Pure Skin Toner oriflame,1kzIJEpYUh24RDIRo7v3,1.00,0.00,9970.00
00561e70-c45a-43d1-88e4-ffd52df4ccac,liquid brum,1n5qCkmSvhOdiTZXgoGQ,1.00,0.00,55000.00
ca719da7-d575-477c-a9cd-4534f6d00a3c,oud nuclear ,1xT3NQw6T52MmCyqmP6v,1.00,0.00,25000.00
6b1cbf68-5663-4954-829b-b23045300556,Avis Paris lotion,0IxSHLJOQHlXIjP8w9hE,7.00,5000.00,10000.00
e28a7d9f-ed96-4020-ad48-ebfb9c61eb86,Dax hair cream,2Ra9L7Bei31wUqVwuClv,4.00,0.00,18000.00
384c9be9-eeea-4517-a375-3ff9f57d3337,aveeno oil,2WKNM8XuouLpw7wKz2TL,0.00,0.00,25000.00
790c7313-aa78-429e-b268-3ca51c774768,John son oil,2eOxHoPb48lC6UYkUblf,0.00,0.00,7000.00
92e7a9ba-24e0-4143-8b2e-7f4fb7f8387b,spoonch,2iHOC6WyX4jTgQ1MjaAW,0.00,0.00,3500.00
4f54d3a7-3aa9-4774-8a5a-ff6a980ee421,Dr Davey lotion,2jifGV0tbWKs4HjcFwMr,0.00,0.00,6000.00
80ce9fd7-d8bc-418b-8bf9-968e95897961,Papaya Hair Wax,2syEd5uNlqUDpcR5WTCK,5.00,0.00,1500.00
70cff140-4f2e-4133-b7d4-b5b865cdfb84,Dear Body Cherry Blossom,2yID81MzHhBd4tCqHoq7,0.00,0.00,0.00
79d380b4-8aee-4e03-ba18-596dc4f744a4,White Light Face Cream,483UepdHS9QUwxHmmKiX,19.00,0.00,4500.00
4d50782a-98f8-4ad1-ac73-cc27fa175f57,olive hair moyonise,373AZlwip7P25AaHl0mQ,6.00,0.00,3000.00
f4ad0884-322f-4df8-a152-d478d1f77df5,Glow Half Cast Lotion,4DTVy30kxYvuo1odAISj,4.00,0.00,13000.00
d9ef802d-56a1-48b7-970c-193f990972b4,Glam Gal,3Alv12VzufF4eJpuYYTL,1.00,0.00,6000.00
1704b7ea-19c7-4e1b-9950-f26cbeb623fc,yizimei,3GujyxNigIVwNovgy3KV,13.00,4000.00,0.00
5764b487-8ca5-44f2-92e2-f9d3a5bb8522,fair and white scrub wash,2j1tajYEISsXA7Q6sr4f,10.00,10000.00,14500.00
010623fb-ffb9-47d0-8d34-ebd18abece38,Sadoer Collagen Firming Series 120ml,3JLopPIXVVKpkHhsaaYj,2.00,4000.00,0.00
0ec0218b-e5df-4edf-90c4-eb01e2e834f4,212,3MLw8ePJoV0Su1y0IkXD,1.00,0.00,12000.00
84659c0f-487c-424e-a452-4c3c717f3f22,zaon lip oil ,3NM8G6VVI3d5gvsWAU13,5.00,0.00,4000.00
89a3e2e7-91d0-4399-90aa-cbc9fb14304d,Juliet & Eve,3ceeqSIQgQBvGnSqyhmx,0.00,0.00,23000.00
872d61bd-e81e-45a4-b831-28479bfabaf1,E 45 Soap 2 In 1,3rE0D1Af6oGXH2BeezyJ,0.00,1700.00,0.00
408532a1-ee67-4a73-9264-66d1e4f3ae04,Turmeric Face Serum,3ru0MheKh2v72rNsNs3N,11.00,2000.00,0.00
8481496e-37f8-4d59-8fb7-7526d90327f1,Bismid super bleaching bath,4038ZatecP66dEFq12Rk,0.00,0.00,15000.00
b67743f1-b22a-4684-83ae-931077395b04,Lavida Face Cream,4AwlmOzbNXoufnwedg7q,16.00,0.00,8000.00
947eea3b-e40d-4802-a3cd-fa5dc17de67e,Jumiso Serum,4DhF87TfUFBcWwkYy3rR,6.00,0.00,22000.00
c867850a-6c26-4292-9fcf-738b27d1c9f9,flower soap,4IFnYe5klXzt75wmfKW5,0.00,0.00,3000.00
d8133135-a7e2-4c86-9c83-b8144f259381,Bloom Gluta Berry,4IOlvxv5SuQxXgZcIsh7,1.00,0.00,8000.00
07c3a521-a7d1-456c-a1bd-32bb017b4470,eco gel 710ml,4Mr1aeWvCa65BsJN5srx,5.00,0.00,9000.00
99bc16d3-dd01-444b-938d-ebbc030da65f,Timeless Serum,4R2l6KXJiaDTWs3w3COR,0.00,0.00,18000.00
ca5640b1-d47e-4b4d-b157-707896f3b3f1,african shea nut pretty b,4RxIaSVtm9uBufz01stH,1.00,6000.00,0.00
cee7dfd9-35ea-40f6-bfa4-fac5f3a1a79e,Lait Snapchat Serum,4WdUGbJ7TcEDEMhvsBaM,0.00,0.00,20000.00
b2720449-e99b-41b1-8cc6-ece8715cfe26,classic make up lip gloss,4dbihhVFMCCgLwPnxWFE,32.00,0.00,1500.00
f0abdad5-472e-4963-8a43-ea79736da92a,Activator Darmaglow,4pQZkw7zSHuyfCCKRQca,0.00,0.00,10000.00
4553bb7b-49c6-490a-8ba0-f9fc393941e4,Spa Roll On,4qorG4tVLe4K12XOahaD,4.00,800.00,0.00
59dec95e-1caf-4e13-be4f-c9f9f18844b3,hydro gel ,55qFczo4az5tZ29jWmPY,3.00,0.00,2000.00
6f83c923-a01b-4d97-ad33-6ce387f312a7,Neutrogena Soap,4uW8JdFt3R0IIZYnluPj,6.00,0.00,7000.00
72512dcf-7e68-4a39-8e20-6841b05d18c3,Samira lotion,53n4Imnia8RLOzomYuNC,1.00,0.00,300000.00
520d21d4-3c85-4703-8850-99cfc4b2e6dc,Veet Gold almond gel oil,54PAwLytyVS8iDpd75re,0.00,0.00,6000.00
3920018c-e271-4c15-8ef2-f24c2156c3bd,Tera Rene's,5EN7bLaewyhrWnGCpdBz,0.00,3500.00,0.00
2e4cf6c8-3c64-4547-8969-425668cefdf2,Soothing And Moisture Snail,5FW2NAIW4K4U3WixLnGR,0.00,1500.00,0.00
abf635de-95e0-4151-9104-98bf19022fd7,Luxury Gluta Supplement,5QcAmRVfAaPzolBkzPjp,3.00,0.00,15000.00
f1156b66-d0e4-4095-a7ab-37ddeeba40e6,Holly Wood Curl Kit,5Rc9AoYnMpX0uf8A3XTL,5.00,0.00,13000.00
5ae902b0-99a5-4037-bdb3-0f5322b11bc6,glutathione and abutin supplements ,5WqDB6koaaJhaaLQzqcY,0.00,0.00,12000.00
ff017132-2501-4ac3-9886-d583f84f9c6e,Xwhite Face Cream,5f6YlwHOPPIQL4flFm2g,0.00,0.00,8000.00
d0bf6cc5-6ada-409b-8a05-20d4df5b058f,Sugar 100ml,5n9hIGynnE9X3xWkbUCi,6.00,10000.00,0.00
35ace103-0072-43d1-a0f0-249b108be2d4,Beauty Spring face cream,4sA5m5OXzvTPLuhdavkf,0.00,9000.00,10000.00
40462b8e-912d-4255-a097-05bf2a7edb7e,My Dear Kids,62p5g7DfGlwdtWNM7O7p,0.00,1800.00,0.00
cb59cfee-fb48-434e-88d7-305e8d221a2f,Cantu Shea Butter,6Bh2oro0huMeTMNk7AYB,2.00,9000.00,0.00
84c3035a-0968-4b9b-9a3a-b3ee7814a002,Face Facts Eye Cream,6DwOwTaBTmW01mdSdpBO,2.00,3000.00,0.00
92e2f677-587b-48df-8236-8f67feec1cef,Turmeric And Honey Soap round,6JL1T1mpVwHpIjrHa7dm,0.00,2000.00,0.00
3557ea2d-4357-4034-8412-d332864a471d,FACE FACT OIL CONTROL TONER,6M2enwjw1mD9khkN3wXK,3.00,0.00,7000.00
e6776351-3c4b-4858-88fd-2618f54362ee,Dark Spot Correcting Glow Axis-Y,6Te4guQ9p0AXajZ6QFfA,0.00,11000.00,0.00
07c148e6-1108-491a-8c29-0b34a2a2e80d,Ub Relaxer 450ml,6n6nDuIXXFvxaIn1dgjd,4.00,0.00,3500.00
dd4e00b3-31fe-40ed-9932-11fba10b6ba5,Ratin A face soap,4tqkZPoLxfaozZM4A46I,22.00,2000.00,3500.00
eee5901a-e0de-47bf-a289-c29b45b82887,Milk And Honey Cream,7FnzDkUjtKd8dQrVUZKi,0.00,0.00,22390.00
da2c73b6-91ab-493b-9650-ec16c5e8b053,Dirgham 50 Ml,7QEgeyi4tteK4SJT9QdU,17.00,4583.00,0.00
952b4cf1-a37f-42c8-88ef-daff84b9ef62,Amlactin 567g,7Y3i6fpoFjbVXSj1VQnE,4.00,0.00,45000.00
e9ace9a5-05ce-474f-a9c6-bc94a9253efb,Face Fact Oil Control Wash Small,7eRNTKfzXomHEe7nfIQ3,12.00,0.00,5500.00
e739620d-10bb-42bd-9c93-0ac938a69b71,Fina Powder,7gfSIhenHbEs2T7cjL41,5.00,0.00,8000.00
a5c02386-544e-4043-b8d4-539e61aa8704,Cantu Shea Butter Hair Cream,7t90hlGzrJfRwDBKLwgV,0.00,0.00,11000.00
ae4381e8-7493-4f81-89ed-04ec57bc8586,Ambi Pur,7vKsyP0r4EMRxzljtziB,11.00,0.00,4000.00
0969b58b-25f6-4144-a24e-a8fe190956b6,bod man splash,7blqniin6RxK7pLz6ltw,13.00,3200.00,6000.00
3ef0b13c-5ec1-499c-b9ad-158d07f92d8f,topi cream ultra hydrant,85r0cB6HQvg6lgUXG0MU,1.00,0.00,32000.00
136754a3-3428-4dfd-9602-4658990f615b,Goree Beauty Cream,86Aclm94iDFG0x2n0KbY,3.00,0.00,3000.00
ff3c52a3-63dd-4eea-a777-717318b742d7,veet oil gel,8C7MfbhSuOE1qUKaAPsE,0.00,3500.00,0.00
f5777cc0-38c3-492a-b17b-139414209449,Star Of Cologne,8KDUPyTaPu879cUVYTtc,0.00,2500.00,0.00
b537e84c-54e8-44f4-9f8e-cb2325e5af68,Gluta White 1500000mg,8OSNhkS3Y0foXBodq3KW,2.00,0.00,10000.00
6ea885a5-4314-4733-8b9c-9439b2f44e6e,Glutathione Alpha Abutin Whitening Supplements,8chT7M1QZnWMw8GW1PZ4,2.00,0.00,13000.00
a381fe58-0f63-48bf-a5c3-7b8cbbb4cb87,Pure Carrot lotion,8jGS0TkVGmIfHcWryDPc,0.00,0.00,9000.00
919a40d4-f07d-4f5a-8601-774de962ad15,Easy Tone Cocoa Butter Lotion,8oILzuURZdf1UFYO7udR,0.00,4500.00,0.00
8d911d3f-5aad-4b33-8ce3-7b533d1f2499,Soothing And Moisture Tomato Gel,8oIX436JayFj5AK87cqm,0.00,1500.00,0.00
da65b111-efe2-4da9-86c0-a997a8f9231d,Centella  Toner,8rv0wwypmFVemf1vK9gZ,27.00,0.00,20000.00
4b8ce3e1-d520-4bf2-aea2-50cb489a0191,old spices sticks roll on,7xLWVKfevwe2ktpnXTLU,1.00,3500.00,4500.00
735aebe8-1ece-4780-88eb-640dfe0283ed,Beauty Iq Carrot face and body oil,8ynnrT67FAfCR5rpasqA,3.00,8000.00,0.00
6c989ac6-85bc-44af-8991-f78904c8aeca,Vaseline Advanced Repair,92BnjGSEKyvSJXNDxtHo,0.00,4500.00,0.00
3fd49e14-b3c2-418e-a9a3-32b0d0c66406,glow secret lotion,9Bl1I8vmhMStrKB7hyeO,3.00,7000.00,0.00
f3640e30-a017-494d-a1ea-7e974a411b94,Tovch Colour 30ml,9EUK5Csa7KSzd0HeOr6v,0.00,0.00,1500.00
44b713a9-0b5a-4b7f-b953-d25587782949,Neutrogena 250ml,9Mj2Q1DwUWCPYLNaqJFk,3.00,0.00,10000.00
26fe9fb7-d467-43f1-af68-e04f43ab07fb,Hydro Gel,9Pniq1DZVHtBsmsn14Ao,16.00,1500.00,0.00
c92c8ce0-a5e0-4012-98ae-34307114a4f8,Olive Oil,9iw2ZGOJXUquzC3M8YtJ,12.00,0.00,8000.00
ea8d583b-af0e-4d78-a9b7-36b427579ad3,Dr Rashel Face serum,9nFmAePFa6R9CjY6LPml,0.00,2500.00,0.00
1b608b1a-a225-495a-93b7-51fc07e2397a,so white tube cream and gel,A4kKzXXfTnxpIapRvgaO,18.00,3700.00,5000.00
4ccc1c78-fe6b-477d-853c-772240b7e9bf,zaron foundation,A9s8TqaF38NIvi3rjraq,3.00,12000.00,0.00
867b551c-0059-4cfa-a292-2bda643102e2,vee beauty compavt,AAzIxGxQtjr1GS99f3Ji,6.00,0.00,7000.00
fada58f1-deb7-4062-a596-c16aa967bfcf,laura mercie lip stick,AKP2zdok0KuyJOJHKhAd,57.00,0.00,3000.00
bd6a525b-d632-4a1e-aadf-4f584a67d79e,black leather pep and spray,CwJaVM2mHIAzTYnTpxhM,1.00,0.00,18000.00
8b112831-491a-4614-baae-a85be08ede83,classic lip gloss go shine,AXvEbt0Po7JmWl9Ajtpu,24.00,0.00,2000.00
2ea4b9cd-4933-4657-a061-100d8390ad0e,Cosmo Shower Gel,AiwWhUcWhKUpE1kzVoEt,21.00,7000.00,0.00
771cb409-cbd2-4ab3-97fc-2cca9b7b81d0,Armaf Perfume,AJ9sKuMtCGLifcIluOf3,16.00,0.00,4000.00
3ccedc52-17bb-4322-8406-9f94ab7e1f18,Half Cast Deep White,B7WUj7gLW0vlo5uWrOx3,0.00,0.00,8000.00
34122465-1db2-40b4-8fdf-9fc0f862ed4d,vee beauty powder ,B8YrL3opcdIH2C2qWx4c,9.00,0.00,10000.00
fd8ee945-7d45-4576-ba83-de4ba50a0bd8,Yc Face Wash,AKzucrqwU8kBQ6bPDE4E,10.00,4500.00,7000.00
b0cea4d1-1255-49a5-bb0d-28efa3c62652,EY & VII,BF2XUVGglWxHpgO4FwFD,9.00,0.00,9000.00
96e8567a-c2e9-475e-9399-f5ab28dc009f,ORS Olive Oil texturizer,BWGmWjtEdZsDxJiQd64s,7.00,9500.00,0.00
8d64b70b-14f2-4bdc-bc68-5c59e67e37cb,Bismid Radiant Glow oil,BuIgL6prvPoXCMH2qXD8,1.00,0.00,16000.00
a57f2d4b-bd0d-45fa-89ec-bc3f91f68bab,Vanilla & Coconut Body Wash,BvO7n9naMZIE98ecgTJf,4.00,0.00,8000.00
797d93db-245f-4f43-a6d5-d03592dc9b94,Longrich Sod,C2SKSTOlXKcQHNRcYP6y,12.00,0.00,8000.00
122de795-a3d7-4ac5-8571-31e4e501dd56,epic powder,CA35mdcMm5SLNvEABI4N,2.00,5000.00,0.00
1b4e4f83-f656-41d1-af55-b50d818599e4,Pomelo Body Shampoo,CKBVX4AClJTNKdQqiTsA,3.00,0.00,8000.00
5557ee73-84f1-4987-bd92-0de026c8ea3d,Barakat 25ml,CO6I1GnUSQ0EUdiZFsrI,5.00,2500.00,0.00
f59f9ebb-4a78-41ab-ae17-55c681f66c19,equity spray,CWyoQkpXOWhZvUOhEyoh,10.00,0.00,5000.00
cc8877b6-13d9-4312-806b-241f8a80b72d,Alpha Skin Care Lotion,Claaj02LhexrLQIOo6B0,0.00,0.00,19000.00
9a4cc85a-d26d-4de1-ba35-f22055620ca4,skin success toner,D5Olb1Fc2jhg3YNw4HgJ,0.00,0.00,13000.00
ed387fdb-9dbf-40e0-900f-1fd93e629ea8,hayaati women,GcskGwehldfyBxvoZRGy,1.00,0.00,28000.00
ca158e4b-6ffc-407c-976a-3bfc859bb4a6,VO5 shampoo alberto,BAhDQCX4MP7mlPNV2Wf2,15.00,0.00,4500.00
0627335f-ec35-43de-9c2b-31bd85012d86,Longrich Bamboo Soap,D6dzKVLLd8DbRz2BspD4,7.00,0.00,10000.00
725bf7cc-8c1d-4b61-82c6-ce7f2359c2a8,top Tone lotion,DAUQgSrhS0crhLzj4duc,10.00,3000.00,0.00
3feac211-e354-401c-aa5c-9e62dbecbe3a,Gluta white lotion,D8Lm41DqlPNMiOED63VL,21.00,3000.00,4000.00
76f745da-9fcc-467f-b25d-b58d157fd25a,Nature Glow Carrot,E1XGBnrvSiaF1dttTTzN,3.00,0.00,7000.00
7f757564-b82e-455b-beae-7d24f74603f2,LUXE Estiara,DXTN8jawK1xT6kHAh6tY,3.00,2500.00,0.00
2b37bdbe-fdf5-49a9-8405-d64c785f514a,Bismid ,Dbt9zaviNmkNRqV2zN6o,1.00,0.00,18000.00
509d60dc-6829-4fd1-82f9-5b2afb76a24f,White Season Carrot&gold,DAoNiQzlCV42xuQkQNFM,2.00,7000.00,15000.00
6803b44e-7ba8-4471-8db0-0e87bc99df48,18k Lotion,DhPNCIMXVd1yUaLv2iDi,4.00,0.00,9000.00
8a5ff8eb-bfba-4f37-94f1-aa08bdfa492d,Maxi Shield Roll On,DhYtvfn5uTbUoT5QKxzl,1.00,0.00,1500.00
0a6c76e5-c729-4792-938f-daed238550bd,Ub Relaxer 250ml,DNTFlEY0RZAoX50AP1Pf,11.00,0.00,2500.00
7b3092fb-0c33-490a-98dc-f4a5a152302a,Dove Pampering Wash,Dnp42wGD3B9xBkKPQ6ZB,0.00,0.00,9000.00
8ae4f051-7046-46a7-bff2-b813916dc8c1,Indian Oil,Dt2Irx75FvEt7gHJ7yKy,9.00,0.00,8000.00
1e0d1f96-bb08-4d8e-9a98-2dc10a274d33,Half Cast Smooth Diamond,EIaZnHC67yTUCl3h5CUw,0.00,0.00,8000.00
b820032f-f588-4056-b499-1cca5f4ea645,multi vitamincs gummies,ELPZiLWguvaooVAX8de7,10.00,8000.00,0.00
cd6d225d-dd9d-4574-8aa1-d8d287484e94,Lady Diana,ET7I0KDyyt8H3Lv4sjXT,1.00,0.00,3000.00
2fc77ded-cadd-4d45-af1b-f7b50c118180,Children Spray,EleMCsCmSACdPEmTltgR,6.00,0.00,0.00
d5f8f87c-1c61-4a43-a5e7-19c6227ffb6c,Baby Seba Med lotion,FAffj1tlR8F3VDMiUCPG,1.00,0.00,24500.00
6195757f-da48-4052-a805-cb7e64e487ce,Komark Vitamin C Soap,FR5kGgr5kTcOvWomyo4d,0.00,0.00,3000.00
44eadadd-2178-4d28-97a0-dad034a76a4d,Dove Glow Recharge,FRWgdTBsKuBufD5ivAlR,2.00,0.00,22000.00
bf0cc01f-2c0a-433d-8dd5-c74adad6ee5c,Oniro Perfume 100ml,FUafEyrWN7lYhtlYXlvD,4.00,13500.00,0.00
145df089-3262-44ae-b7c2-84ca697e87da,advanture foundation,FknLO4y2GBcjw0FaSqlM,6.00,0.00,15000.00
fd9e0860-926e-4b19-ab16-3bb4efa81275,sugar 35ml,GJtIZhye732SpuiBirUT,0.00,3000.00,0.00
3a3b8975-cd85-4dba-a08f-db54f764d907,ponds powder 100ml,GV7mCBKhPKhVhsgQmK4L,1.00,0.00,2500.00
5c8b2c43-799f-4b80-98c7-e83581b01729,Force Collection,GaBJv89yEzR55xp8JVFx,3.00,2000.00,0.00
59cd8b87-bdd3-4f17-b7e4-7ed7d28c2470,st ives body soap,Gainz1D1bN0sfZcu4nLJ,6.00,0.00,2500.00
6fea1d45-9a79-4a20-9c3f-e0bfd96741ca,E45 radiant vitamin c,HTlYf6HgQpgPyBFWlXA9,1.00,0.00,13000.00
6ad013bc-cabc-441d-850c-adee23758f36,Olaybact Kids And Teen Fairness Lotion,JL9CXVrm5IXtPAmu4KQb,12.00,2500.00,0.00
28418caa-616c-4e96-8539-202ab7ded934,Fakhar Perfum 50ml,GhC2IKziiUOAcWJoy84x,7.00,0.00,7000.00
13683fe3-ca93-4d2f-82ca-1ac0a6d67a17,Cut B De Nut,H9pYW1o8DYIOsurbI1QW,0.00,0.00,55000.00
2c633176-f271-447c-b5b1-3b34c57e275c,Vaseline Body Wash,HCnsrkwinFCVVpEDnarq,4.00,0.00,15000.00
640a9dcd-e5da-461e-be61-ffa8569d9f2b,E-6 Brightening Body Milk,HKZwCaAIiL4Ks89stoVZ,0.00,3000.00,0.00
b273f241-22e1-4753-a6d0-037a53a7a377,Shamokhi,HSjCiRMoBihZ1pORcFUN,1.00,0.00,15000.00
daf5c44e-ec54-4f03-a1af-302f960167b5,zaron xoxo sheer lip gloss,HbCTc7RfJwu6vd2cfroN,1.00,0.00,4000.00
a0052edb-5f77-4359-8160-b8b1b8ccabbe,Skin Whitening Gummies,HjSgJyed2xpQAM0jYEu8,2.00,5000.00,0.00
fa21fee0-4a40-490a-a683-99e977ae0d25,maca cuve ultimate,HqXqJIzBuZhMyC19zG2f,2.00,0.00,14000.00
3347fc43-c5e5-4a97-b5dd-4b1ca48798db,Palmers Cup 200g,HyOOfT85tX9xFHhh9uuh,0.00,10000.00,0.00
d81fb6cc-307e-4496-8e40-d6df59316fab,alpha  abutin oil,INAFhdSGZWJl230KX6A2,10.00,0.00,9000.00
55009b62-6c80-46b6-901e-44b1e1e9bca4,zaron alpha abutin serum,IRSwlVZ66j8faywSFEO8,1.00,0.00,12000.00
c07a70c9-3319-4986-a6fb-2f05e67c7bee,Orbi 20 Spot Removal,ITllD8TeZe2jW1f5c9Zs,3.00,0.00,2000.00
893120cd-866f-476e-bb6f-56baaec996f3,Organic Carrot,IXJPRbLGgS0B97FYATcj,1.00,0.00,6000.00
550d6f0a-d5ca-4b52-8d84-ee70fc71c294,Hair Serum Argan,IfWlVyWOLjI0F5vquQwY,5.00,0.00,4000.00
037d1c34-d76b-49f3-b819-bbc9f4bc7ef1,Carrot Magic Exclusive,ImzInB6X2EfrKGq0Lx6e,1.00,0.00,9000.00
06b8192f-e0a5-4924-98bd-df705d5c9841,Dove Women Roll On,J11eWLYqbQqVgdZvKdwm,0.00,1500.00,0.00
d57d7732-ac45-4af2-90ff-522254566aa6,Face Tuneric Serum,JTQOilImAyAQ2xnKnyvt,0.00,0.00,0.00
7c59b572-a70c-49e4-a70f-22384f8f1491,Dove Men Roll On,JoOcZkPoR074fChXzuWj,0.00,0.00,1800.00
933d389b-ed9c-4e80-a43a-27b422325e18,Dr Rashel Skin Whitting Serum,JyCDQT3t48ve5UVt0RUS,11.00,0.00,4000.00
7635bb7f-d80a-4234-bbbc-68184531a21a,Glow C Beauty Face Cream,K0Y3Ap2pbmVPVCdIJaX4,24.00,0.00,4000.00
43c29ca9-0035-45a5-9d73-4db4a0b35e05,Dr teal sugar scrub,K6g6scbPTyGntvFGuyaQ,2.00,0.00,13000.00
c12143b2-c081-47a9-ac43-856c82d76fbb,Estelin Toner,Jc7mHWwWthMOB94a7dKT,14.00,3000.00,5000.00
7a0acfbe-2aa5-4fdc-8393-e3dcc2c387f0,beauty series oil,KOIRqekkPOUZTswDxLj3,1.00,0.00,9000.00
1e20299f-60a4-480d-89ef-6d0ac90aa9fd,radiant glow face cream,Ke5d9xVQcOwFV4a6938V,5.00,0.00,8000.00
b867e36c-149d-4fbf-bcd1-bda6175669ea,Vaseline Cocoa Glow,KllJKua7BNZ54g69XjLn,0.00,4500.00,0.00
705ce279-c585-4eec-bfdb-43bede0a3635,Booster White soap,LMi648fphxSkLSt1NwSb,11.00,0.00,3000.00
aee4a98c-9be9-48d4-9465-28efab2af015,Vee Beauty foundation ,LQYJB7GNtQHZ8i14JKy0,7.00,0.00,8000.00
b4a60127-1028-4110-9bd1-85f0243f4008,e45 soap,LeUrRNUEXKF7a49DAHVq,22.00,0.00,2500.00
3b08d072-1fb7-4e47-97da-9104d38d079e,tumeric serum,LhMVM8nti32yZuN7J5yH,8.00,0.00,3000.00
0a0f2f9d-c8a8-47a2-b7e8-668e084e62c1,Qei+ gold Or,LiPqfV3iE5kfKWKciPLJ,0.00,0.00,35000.00
5c9ccdb6-8007-44cd-b478-29eb2c90df79,Wonder Cream,LtyOCEb350lIr0K5VbSX,3.00,0.00,13000.00
c5297816-7111-4541-8468-79c3a4529a7b,KISS ROLL ON,M6yUSG8jjnlIINdwBx0O,5.00,0.00,2000.00
5f639b68-d297-4121-98e7-d0b042643d30,cetaphil uk,M8QATEpzpo5pOPT0iZ2F,0.00,0.00,25000.00
d9933724-c9bf-4c64-8e8e-5bc7bb2d4774,Ck In 2u,MI9jKsmEXW9Gr7PXnFXS,1.00,0.00,12000.00
06c0df38-d045-4470-8322-631aec06ea70,Bella White,MKW61Ohyq8QizM7HDkjo,1.00,0.00,11000.00
595a3f6a-ec67-433d-996d-3cc6d239bb9e,Yara Splash,MP47A5X9WCHoIChtjZCV,0.00,2750.00,0.00
2728056a-c28d-4c20-8ec2-2cd9fd8a0b6b,Aveeno lotion,NOqXyGcFjagPVMaC7OER,2.00,0.00,25000.00
d7f50ffc-5199-451f-bbe5-f415702498ff,European White lotions,MSF9Iq8zKSX2gyoLXUjs,4.00,6250.00,13000.00
0da05725-7ca8-40a2-93f5-13de21dbf5a4,Dark And Lovely Kids Relaxer,MnjSdHVstLg7wulOkTlg,12.00,0.00,13000.00
508891e0-2e9d-427c-bc95-dc67fb1ed61d,OLAY 7 IN 0NE,MqnjfKJpKRtOr9ggmOUF,4.00,23000.00,0.00
bfe6af7d-ae49-406f-a5e7-780025e9295a,Medix 5.5 Vitamin C Oil,N1JqZW7lxVfrxXEIEMCx,0.00,4000.00,0.00
1499a757-2f70-4cca-8d4e-7c051669b060,Romano Spray,N7vdRuyoJbMTjje9M663,1.00,0.00,3300.00
56e8ad6e-b59f-44d5-b4a8-5396624cc1ce,Pears Baby Oil,NA38f4w5tQaivknRmDc8,5.00,1575.00,0.00
052c592c-e625-4963-a937-ebae8686810b,test6,NFWeiqspWHAYxRog2PNt,10.00,0.00,0.00
3a05283b-d3ba-415b-9f4e-6c6f103b8f59,Pure White And Everyone,NNUyQblfWXXGrMGO79Hk,6.00,2300.00,0.00
28dea48d-060a-43d4-add7-ba1fb4180f10,K-brothers Carrot Soap,NRVy6UGaMTdh8ia7wCCG,0.00,1300.00,0.00
4ac3db59-125c-43ef-899a-e096764fe06a,Nine less serum ,NaXDF9XhKK07yeVHBFLx,4.00,0.00,18000.00
688b31c9-579a-4e73-8881-6c0590f8e736,mens face wash,NiIdcgC5YI9HxPGhWiyP,29.00,4000.00,0.00
bdb66546-c1c3-4164-8932-fea2c13dc27a,Beez Wax,O9j1vEbK8pFhOo7t16C9,0.00,0.00,7000.00
f4d33912-6b27-4842-8603-fe15fdbc0a16,Veet Gold Shea Moisturising 500ml,OBoGehILxNaeDGDFbtZW,0.00,0.00,4000.00
862e3c50-4445-4c7a-9c5a-9933e8111431,Ellen beauty Paris,ORmwAV1z9pXtv6ElTEYf,4.00,0.00,9000.00
e701ab47-eb12-4c2e-b3a2-13e5374669d6,Black Perfume,OVzmMMz4ozw7GYxaKq1G,2.00,10000.00,0.00
476a54d3-e02b-46aa-94b3-48b90918434e,Dr Bionic Organic Skin Care,OXm7uG346dxMIMSzRiXo,8.00,0.00,3000.00
aac56b48-4b60-44bd-b5c7-490a55dc7f7a,Centaphill Body Wash,Op5v49KXltpbQZFKu9c4,6.00,0.00,13000.00
cc6de87f-ed07-46b7-862b-adc9ea36cf77,Fairness Skin Gold,Oqyi5IUch4KhEgCSmuO3,0.00,0.00,7000.00
13f3def9-0c20-46b3-bc9a-a8d912d7d49a,Cerave Acne Foaming Cleanser,Ox3od99XsVHLt2Q5nd63,5.00,15000.00,0.00
24e315ac-ab07-4947-98f0-2318019bf440,Lattafa,OyNzNQyCfO21kcMGOKBo,0.00,15000.00,0.00
1d54b988-25c3-443d-af5e-d9b24d89054d,skineal tube,P4mC5X84W5CSdTsTuTfd,8.00,1300.00,0.00
5354b840-e8bb-4d13-9b8e-ad27594a1e90,Eclaire 30ml,PFFL2Yk7dlDVPJ3QhcKp,32.00,2961.00,0.00
439a8321-7fd1-4527-ae3b-6221e0734d4d,cussions  baby oil,P7Kwk1TRBnU2KPPDLPJY,3.00,1800.00,2000.00
ea63cd49-61cb-408f-9a2a-8ca33797c42e,dr teals oil,RQNSUOC5Y0WtgRWxsw9N,2.00,0.00,12000.00
9e17c812-d167-4aed-a0cb-20bb21ffa04d,alpha abutin gel oil,PbSGGYQt01KV1GfZJdhe,0.00,0.00,8000.00
9498d46e-e2a1-430a-939d-8606e0a23642,above sprits,PebJbfoVzfn8OoyG9gSy,0.00,0.00,4500.00
3503327e-c343-4ed9-a0fb-909b01cd946d,Hug Body Spray,PNcXaGymtBu9OQAPzXHq,6.00,2166.00,3500.00
c2a5dd94-822a-4e98-87aa-9ff3ff5cc278,Colgate max white 2,Q2SP737uTZQBYZhlG0w8,1.00,0.00,1800.00
b8cabe8a-0edc-4bf1-a742-f7f7a7b6194b,Sivo Care Baby Cream,QDUzpBkT68Ivw8dFsllb,23.00,0.00,4000.00
b083921f-1c6a-46f5-ba51-01b3c5a3c179,Bismid Korean lotion perfect ,QGsAJRZnb9rhBotmeXLu,2.00,0.00,50000.00
9cc45b7f-902e-4189-a466-6b41a2b72129,Fashion Fair Cream,QUMusdk9TbQ3ZfCPqLP2,6.00,1500.00,0.00
eea41222-9e94-420f-ba65-dfa7cb4460df,St Ives Soothing Rose And Argan Oil,QVTQIAhxTb55R7ZFnCsj,0.00,6250.00,0.00
af2996de-13dc-4de9-a04e-984aeb01eed6,Originals By African Best Olive Oil,REfHqiKVSUU2Edk3sdjT,6.00,15000.00,0.00
b0373191-bd27-49cb-a539-2c766c63af68,Orbi 20,RK86KfMwDgzsoSk1ArgV,0.00,5000.00,0.00
ad214fdb-5fa7-4a7c-be02-6d127e2e753a,Guanjing Turmeric Face Serum,ROEwXDx1Qu9CTv1xKzq2,0.00,0.00,2000.00
78bd2745-e8b8-4e88-9286-963e297dd05b,Estelin Facial Cream,RTGgn2EMylCRgZXsxqFy,0.00,0.00,5000.00
b6af0006-ddbe-4198-bbf2-ce257620b833,skin aqua face cream,RXIDQiMC5N4dvrN2PXbG,2.00,0.00,14000.00
8b172005-d732-4717-83b8-c55b1b4fbd7d,bioaqua elimenating acne cleanser,S43TAdm2c6Swe0G8EBXW,5.00,0.00,10000.00
e010391d-97fa-44c9-8d71-44c57eba4e24,Cetaphil Moisturizing Lotion,U77Z9Vwn0FSLG9KkjU56,1.00,0.00,30000.00
ca5c9c26-4eeb-4dcf-aabe-3e5ace8f3a98,Clear Nature Maxi Plus 3x Carrot,SAgFXC7qnerMzCEGFqyC,4.00,0.00,22000.00
a0d03782-0673-42a2-8818-5e31d78608c8,make up box small,SE5rUBqBO7UtNJnu6R3d,1.00,0.00,35000.00
4f9d698e-a9d4-4fb8-ae52-3b38b413d6c4,Johnson baby  lotion,SKzhB2E7N2VynCSwbaPa,4.00,0.00,7500.00
b9e99bdf-0eea-4c95-b125-ceda263ad426,Baby Secret Soap,TAYbs4R0sqbKbjN7WmMq,12.00,1500.00,0.00
7113aea5-86b4-4067-9603-104c1f7858a0,Glutathione Secret,SQFSq5ImDuWmkwtCx3tK,0.00,6500.00,0.00
ca6f3848-65cb-47e0-a0bb-259a62511078,St Ives Body Wash Pink Lemon Mandarin Orange,SUeMOaUkwogHZzgjkv9J,0.00,6250.00,0.00
e4d3ce73-5c49-422d-b1e2-173aef0c4227,New Musk Women,SVVzzsO0iXYGtxWW9ivC,6.00,9000.00,0.00
9d47cb78-fec1-4304-a08b-ba32b4bf9efd,Half Cast Amino Glow,SY0L1Agl2TSlCWWJILpu,2.00,0.00,8000.00
b36ed50e-a16d-4247-ae84-36a112ff7a09,Melano Tube,SQ3VamJICt8akj8niLmD,12.00,6500.00,8500.00
df015185-b1a3-40e7-8985-766cfbd9a272,Big Attitude,SeosETK57fiJlnspT4L1,1.00,0.00,5500.00
6d6ddfe9-6d92-4989-8009-c9177d14d6e2,munjul silent killer,Sh9rf41xmjwW9nR6nbC7,0.00,0.00,50000.00
8b53d5cf-27c6-47d7-b398-a18a51f12d73,Maga Growth Big,SmKbrWHhN14QoRt0Qfaj,2.00,3000.00,4000.00
51f59b74-5d4a-4555-a5b3-f7be7fcf5c51,Femfresh Daily Wash,SqtKh8nSMxL5JUg86c3D,17.00,4166.00,0.00
54b622bd-516a-4b12-91b9-df2821441e62,Milk & Honey Hand Cream,SsjyVk2RbZOjyvCdzYsi,1.00,0.00,11390.00
99ffb764-06e0-4e40-b888-e8eb081723c9,Cherry Blossom,T1qHVWoaYePSlZSe6kel,9.00,4500.00,0.00
48f21f19-fbe6-4712-9f1e-b33090278470,Li Snail Whit,TD8riMakZ3tH5g3pfWtO,2.00,5500.00,0.00
43279d9d-9ae8-412b-b7bd-5c4f790b3d93,omilato powder,Tfq7vK3hmm1eDstnId3p,24.00,0.00,10000.00
3c6dd3fd-f0fe-4c22-abac-1c14ba29bee1,Extract Lotion,TjMeQLlCsFKdYnkThHy2,2.00,0.00,10000.00
c042edb7-763e-449f-8592-769836418ad0,OK queen khadi,Tl71PrK2e86y9Lu5IZuS,1.00,0.00,13000.00
489e997c-1e35-459f-ac17-619a531bf2be,Clear Nature Maxi Plus Original,TvcCi9ArD7broU7YLFNC,7.00,20000.00,0.00
7627767e-eadc-4002-9538-08155b2bf22f,Easytone Carrot Extract,U6zNnE5VOYvS2PWFyIH4,4.00,4500.00,0.00
2432ea19-983e-41ef-b503-a0146bf9e1f8,Milk & Honey Scrub,UJYqM8irCJHImifQyRTf,1.00,0.00,23990.00
bf532ee0-c08d-4dfb-8531-cade12ebd4fd,Berries Weekend,UhjDlbw5puewINRRcn6Z,2.00,0.00,20000.00
1fb0c06c-d665-420b-a1e0-8c965eb68954,Glow On Lotion,UjUt1oElRRIdYLBkjwei,3.00,0.00,10000.00
3743f0cd-ab26-41f4-b38e-049f5ed270e4,Estelin Sunscreen,Uv4bCYUdwsgXq2p4KMaz,3.00,3000.00,0.00
281e73fb-55f0-4ccc-a136-d9d598825142,Bright And Clear Face Cream,V1YB2Ewze87u0aAt32h0,5.00,0.00,13000.00
3a22d32c-1669-49a8-980a-aa3f7d6e314c,skin success cream tube,V7faJtAtt77KT7EIjzYV,7.00,0.00,1500.00
b212fac1-c128-4b82-94f2-43cd08dba89e,Clear Nature Soap,VCsIDsF4WO70OnSWYWnt,2.00,6000.00,0.00
d692d08d-577b-4850-a533-787a50d209d1,Pure Fairnes,VQ4GUDIMq2t1qjHEX734,0.00,6000.00,0.00
02d015fa-d501-47ef-a5eb-045aa2ac1537,Equity Roll On,VSQpT1BuSBh3q30SP7wD,4.00,0.00,1800.00
8d778b2a-4e13-47f7-aa69-f23c3b0ad9d0,Onl U Perfume,VWWXABQq8r0c6wBz5dmP,0.00,0.00,5000.00
a9eb7482-adfd-44ea-8f14-111cab520e2c,Riggs spray,V9BqMGFifIWo17Kcd6oj,29.00,2950.00,3500.00
ad009ee6-bae0-4d36-a24e-14e677fdbb6f,radiant skin care lotion,WhT5XOlaPyHObPnwfswJ,11.00,0.00,4500.00
6c2c9d7d-8b47-45eb-81be-4e647fc3fbcf,Ascorbic Wash c-1000,WArepP05cyXn5erVBxGM,1.00,0.00,8000.00
6047669e-0454-419e-b1ae-c97a60828bc0,hawaii gold soap,Uwwu1t25J7hLOVrlCx1P,24.00,1400.00,1700.00
f047bade-dfb6-4846-859a-7c5030988415,Head And Shoulder Shampoo,WEPzEDKykoiz48N1RBpf,1.00,3500.00,0.00
db1020f9-97ed-44a5-9807-18697ce9379e,laura foundation,WHtKLeAphhPuPHFHlDyr,15.00,0.00,9000.00
589d69ee-29e2-4e67-ba17-990f2ff4ac19,Purest Glow Scrub,WJmvphIJk6DI24uGYn9r,4.00,0.00,6000.00
d3bdc4d9-2abf-47f7-b1bc-9e841bdef0f0,zaron men wash,WRxUY8ZFawoItDJgwAjZ,0.00,0.00,15000.00
519acce6-71de-4b08-b580-d67dbf4758cc,Laura mercie powder ,WWxCYdVMl6FcDLqSWrBd,6.00,0.00,8000.00
bb48014c-804c-4cd5-8a62-093c690605a5,Omega Super Clear,Wl65ooT9mVdAvSm9pX9x,16.00,0.00,4000.00
f6087286-f74c-4b24-bbca-0132b3892803,Women Sure roll on,WwaIT3swYjpULsvhwSHH,0.00,1500.00,0.00
98cf8f42-988c-4ee1-8bdf-e1744839ed3b,fair  and white exclusive ,X2dJHwCNWXaLx91mGUPZ,2.00,18500.00,0.00
c8cb4b94-e98f-48d9-b052-3704ebc0a61e,Dark Spot Corrector 5d gluta,X2mqbsrM8GbomZJLmYbt,4.00,0.00,15000.00
607eccda-dd2c-4ace-b03b-eba1ce4cc500,Eden Scrub,XAu5eDWtrAqNFpo74ekY,3.00,0.00,6000.00
7b126050-5acc-40f3-90ad-a1f89c2be543,ISHQ SHUYUk Perfum ,XFmWpnwPtBWCp78HrfUb,0.00,0.00,45000.00
1f0eb473-7a3b-46b9-9cd6-7e06696a84f9,Zaron Mascara,XG9TCV8phBA8EjRXOgI9,1.00,0.00,7500.00
cc1afc81-b625-4458-b298-e29c44fb7854,Kojic White Soap,XI1uqMgmXncl6EsonWUF,65.00,1500.00,2000.00
85bfe845-121f-4d08-99e8-51f5fcff149c,zaron face wipe,XP14RqB03g7lcNvLKD5w,4.00,0.00,4500.00
f496baab-0b0a-4c67-9c9c-914f1d163e0a,makeup box big,XPt656e7eeYvHMnwvit2,2.00,0.00,55000.00
553f86c1-4362-4cad-a04c-6cf639ddb633,Bod Man Fresh Guy,XSv9eFlu44a1D3lOcERs,0.00,0.00,5500.00
7c59d243-14d7-4a77-8c46-96e3bb96e10c,Jehdat Gold Oil,XUUhE03FsSB2jl7xYrYM,12.00,0.00,10000.00
c0d94df5-9058-4a89-9c5b-544763191bab,Balance serum,XeimDBASwlhQgJohvI7c,4.00,0.00,12000.00
af599d8c-57b4-4ea1-acea-911fc1e49522,Incidence,XnYh79KY4NOHsjxhn14y,1.00,5000.00,0.00
9137ad32-0e3e-4ce8-849e-9b88652a2b79,classic lipstick,Xzs3vy2XDhUZNVh09qmq,29.00,0.00,0.00
b41f0ef8-6c63-40a4-bda3-2d7847ddecef,U perfume,Y9Nl5eYaw7DxxIN5qffp,5.00,0.00,8000.00
a7ddd5c1-ec5a-4f9e-993f-48959e9786fb,Good Molecuse Discolation Serum,YMxs2azmoqkGWnu6D73Y,2.00,0.00,25000.00
7994038a-a806-4eb2-8d96-dc146ba2ccd0,Veet Gold  cleansing facial Toners,YUNRhQbAoYPorlkoesq4,5.00,2500.00,0.00
37d21523-26b5-4268-90f0-b47f26cb7170,Veet Gold Shea Butter Shampoo,YsmMUnC2AVY5L7WoCE14,3.00,0.00,11000.00
51c67d87-2be6-4c75-af83-ec468da410f3,Sexy Vanilla,ZF2yH7mko7X1TUHNeCfB,1.00,2500.00,0.00
38897f55-0a27-49fd-b265-07946d1842e0,vitamin E supplement,ZFN3PD0kyUUPqIpgWPRv,0.00,0.00,12000.00
f10c12f0-0300-4243-b160-c70f086c3cfe,Intense Man Perfume,ZIGqujEd0Bcq5Y0SWKni,2.00,0.00,18000.00
39325b1d-01a3-42ac-8a83-f02a1f543f59,Simple Tinted Mineral Sun Block,Zn3lpVdEk63L1zPOhkbE,0.00,6000.00,0.00
6c75334c-d15c-4acb-9133-364e731f8f6a,sadoer white rice niacinamide,Zv4FWN5otVtXi0cgJzpb,1.00,3000.00,0.00
044bab8b-2c89-4e25-97e6-90194a05890f,cerave 473ml,ZnlQr6dsPq3EHbCMtMiv,0.00,21000.00,35000.00
3d1e9c69-1d1a-4881-8c34-e76fc03d5d5d,Bismid Shelly,aAxWJdP7dROUsdX2BSRf,2.00,0.00,8000.00
d48991c3-5563-4c68-887e-9ef5fd39cfbd,Choice Hair Wax,aJI6xvFrypvZ5sXSONqT,4.00,0.00,1500.00
624b837d-c683-4c91-9c21-b0e19422b197,tea tree oil,aN5vIW2Ry4OHFQpsNmhw,2.00,0.00,5000.00
ee349178-fe21-4ee0-b0ea-f003eea573fa,Otentika,aZaZP46fnmwyFR0O54k9,1.00,0.00,17000.00
d3632482-9ada-4b77-b0f4-de432ebf9a86,Listerine Cool Mint,acpygxZuTKILOgfdaVwS,0.00,0.00,7000.00
ec497413-68f0-4cb5-8a6c-b62607f0363c,Millani Powder,afgUA6mi8potBZxDFGg7,5.00,0.00,23000.00
3fe5f1e0-a499-4432-8e79-852c162cedcb,Now Rave 100ml,b2KY6pZ5QLfvuAypUYIl,2.00,0.00,23000.00
4b4d227a-eef6-458b-95e7-dbc3bb6ab388,Amanda Carrot Facial Cream,b5x9aFuRQYDE55GRGBp8,2.00,10000.00,0.00
03780ff7-68bb-4ab3-8bbc-7a7d209ea888,Paradise,bGGVkFZTM42NufFHxLpc,9.00,4000.00,0.00
3d932be2-2b5b-41e9-89e9-450881439dbd,super stay foundation,bHVotXQ3H77iB71lZIsI,0.00,0.00,35000.00
82f9c44e-bef0-45af-8f6a-d3d9fe1325de,Lattafa Najdia,bMoR1MV3pTrVJA5tTfpt,1.00,0.00,18000.00
024c6293-4f99-49fc-bcce-d694b1810b61,Real Man,belVXn9i1dT70sJ1pWJV,1.00,0.00,3000.00
f19fe414-34bf-42d7-bbd0-e36be0ad4682,Dark And Lovely,bf96AUfyQd4CUOkuBlRt,7.00,0.00,12500.00
20a054a9-666a-4f36-bc28-8a3fae5726ca,B.S.C Carotone,bke8GDHkJ26Ov8Z7Ki3i,6.00,0.00,1000.00
a1104e64-1565-4adc-a0df-5ff0d8b67063,extreme glow lotion,bu9ZP2orzwbVcSYWngSZ,0.00,0.00,20000.00
7b79fcc4-7a8b-4ef6-981d-803623589624,neutrogena face wash,bxRCmmzgS5Z8vEORTFh8,3.00,0.00,7000.00
290f7830-b9c5-452b-9a59-3873327cfaa2,Barakat 100ml,bznVMikBGy8JRvEUgMG6,0.00,13000.00,0.00
84eba7bd-3b23-47e1-a051-a9a6406f5ab7,Johnson vaseline,c7Sa5aim51RLzNBjwyRy,0.00,3083.00,0.00
e3ced31e-dbfc-4c51-a2f2-3b9c3ff2bce1,suspensor perfume ,cECmzQEPbqL6uhSwHabW,3.00,0.00,20000.00
9aeaa155-35e7-4a45-b99f-37935086cca2,enchanter powder small,cGOPSqpun8zga2OzfNqL,4.00,1200.00,2000.00
c82eb90f-7069-40a9-8f86-dbb2e1a03c2f,Dozenp Anti Hair Loss,ch2RLBKhmthTdCOcQoZJ,2.00,0.00,8000.00
19e61f79-091b-4de9-a055-a3165f28b916,E 45 Carrot Soap,caZTPO1SBfIkMaNik8Pe,4.00,1700.00,0.00
d050c14d-6c1e-4ef0-8a40-7b0ea4f52dde,Black Mask,cpO4vvOQMajTnrqrVq2l,18.00,4000.00,0.00
df36261a-555e-4d50-955e-6fa76cfec87b,Obil Luxury Glow,cqNpvWScVZ9nta54p6bP,4.00,0.00,6500.00
af75b18b-c0c3-468f-befd-32ebea10902d,Prada,dCTgUbyeZSGFh1Otp6xg,1.00,10000.00,0.00
8a4cec73-0adf-456a-b8b4-cb3499186056,Face Facts Cup,dFT2UbfwDlG5NH6RnwHp,0.00,5000.00,0.00
97ead106-72af-442c-9d7c-852ddbf0044a,Palmers Lotion 400ml,dP23ea1lYPPaEryD7cII,6.00,0.00,13000.00
2b4ca9bb-0810-4836-80e0-29f4ba6b3b70,Palmers Oil,dSAB17kkN1YXsZmQHhtg,0.00,11000.00,0.00
3c750ec3-31a2-4e05-b6bd-8696529212b3,BIOAQUA salicylic acid oil conrol,dbUPic6dYpggl0twNqGA,3.00,0.00,10000.00
be25626c-0027-4129-aeae-e9f95af94320,Lancome,e2F2u667dqTDLrf7LuET,2.00,0.00,12000.00
0f40e97f-a1fa-4062-94da-09a0e4ef53c3,alpha skin care body wash,e2FnYxxjBUGuoivYieg2,4.00,0.00,22000.00
97ce7acb-ffa1-4b6e-96a5-9c398dc1c928,Eco Gel Big 473,e4OvDwd8MJN5huv6sxZe,10.00,0.00,5500.00
e5e3a955-c142-4506-9af7-b7ba4b4a5e15,Dark Olive 8 relaxer,e5ihs52A3NzkK84vqk5t,1.00,0.00,10000.00
067bfa9c-b23a-4ca3-83b5-46650c912cea,Ascorbic Vitamin C 1000mg,e69GDw5p2TFXyeTYjLQP,2.00,5000.00,0.00
045caa73-89b2-4a1c-9769-101252a77dd8,Mate Lot 50ml,e7geHpQrT1mbY7VEeqRA,6.00,0.00,7000.00
327f6620-18b0-496e-8d57-6ed433d9e4cf,k brothers Beauty Face Soap,eEbcvki9tsxjSavniefc,15.00,0.00,2000.00
fcd5865a-4a11-40af-8710-e01dae96449d,Eclaire 50ml,eLTg4ugDt9YN7q4Nqkji,29.00,4166.00,0.00
6631129c-6176-4490-a75b-5e3e6c57d158,5d Gluta Soap,eV3huVX6X7zg4aVMmjUZ,0.00,0.00,8000.00
88993e72-4551-44b5-ae61-c075838f217e,Faded faded,ebU2UaoSxjxffK8aAxzQ,2.00,11000.00,15000.00
5cac3731-c329-400c-813c-fbc7ba091b61,Healthy Glow body wash,gT7QPyyUxRcJBH5N3DFZ,7.00,9000.00,0.00
25d98545-fdf6-422b-a5a2-bf7dd43c2a04,E45 Oil,enE1HDLCgfVTJDN6BMbO,11.00,0.00,10000.00
d3fc3a25-0a9a-46f4-86ac-877ebfd6ceff,Aura Gold Face Cream,eswe9NmuXBf7MSnPqZru,12.00,0.00,8000.00
745abf84-c9d6-492c-91fb-258e9e037b3a,Multi Collagen,etKXBe48mbiLchzwWA6h,6.00,0.00,10000.00
f9ec2b8d-e754-4d0e-890f-3c7d64a72540,Baby Secret Set,exXwU97HuwHYtRMy0sM2,3.00,0.00,9000.00
4f7ddada-58de-4554-87d0-965d89758586,E6 skin lightening lotion,f7oJkG0ZCB0vLUbXbdzh,14.00,0.00,4000.00
e79e9195-2aec-471d-9505-9c481aa97c64,oriflame toothpaste,f7soiszUIAG9cACbFYWk,3.00,0.00,8490.00
b375984f-bbbc-45a6-90bf-362aafd578cf,CeraVe Facial Moisturizing Lotion,fAGbQLiD9SBKPFItO3Up,2.00,0.00,20000.00
221e8be1-73e2-4615-a179-e14c590a86c9,Tempovate gel cream,fCB9mNAOY1OEKiMBYQlN,16.00,0.00,1800.00
33d3ef4f-798b-4cb5-96cd-59da1ea413de,bright and glow face,fNP9eSOiwACU0vTQwkXB,3.00,0.00,8000.00
3c6bade8-0575-4e9e-97aa-2b418ec1045e,Fair Plus Face Cream,fjrPzI1QPQW2Yk95q9lT,5.00,0.00,8000.00
55a64b7a-c0e4-44e9-80fa-d70817f43026,Flawless White Glow,g7SS2Q0hmJsRoJfVa0P1,0.00,0.00,7000.00
a621a313-9dfc-4827-8491-d93ec42ea33e,Glow Essential Face Cream,gLRB8vaaNGeDB1QSaY5R,2.00,0.00,9790.00
3b3084ff-1886-4d8f-84a2-ec794377526d,Mouldin Gel Wax,gVOFn1ZdHnfkUAGNlF13,1.00,0.00,7000.00
4aa8cc3e-4489-4e66-a9f1-5c203376bcca,Seoul 1988 eye cream,gW5hxvWFZggWd5n7v5NS,0.00,14500.00,18000.00
2f59f490-a1a0-4c52-9206-39a2560a1e71,ameer oud 30ml,gWZT2C0tjLok10osEmDr,0.00,3000.00,0.00
4b4834f5-507d-4786-a5cf-a7f1a547e2ef,Lubriderm,gc04U4FVzTc7dtE4Lz97,2.00,0.00,20000.00
be24d777-e070-45da-9109-0390d3cf7954,Pure Britain,gsmlrBw9cJV5zfHjBW9h,0.00,0.00,7000.00
75035e95-f4e2-49a7-bc5b-624ed36bc866,palmers cup 270gm,gu8R8XTyLuGTyV1CrLda,0.00,0.00,17000.00
f654ec44-610c-4b05-8369-00815d307f0c,oriflame essensial face cream,guCviiwU3VMhVFDaRplF,2.00,0.00,10000.00
4c7b0188-0e13-4c0d-8ea2-f7aefac7ed53,Easy Tone Lightening Lotion,hAYW9FtPXZzB8VFsGljF,4.00,4500.00,0.00
fc1cc23c-a0fa-4a8b-8e44-6af5d6492d23,Skin Free,hYuRGDzeMlgdTsxTPNQT,0.00,3500.00,0.00
8fd3f320-021a-467a-b6d2-746bee9a6351,Sugar Whitening Soap,hfqiX8VdrttWjrfyKt7T,0.00,1700.00,0.00
6f4ee2d9-1751-4b47-a3e6-2fc0976c47c6,Eco Gel Small 236ml,hwYqRnoZYGy3qCnsvSSF,14.00,2500.00,0.00
96b25c7f-e527-48b1-bb3c-7b2fb782cfa2,Blue Heaven Hair Remover,i1KPWsXdFM3xgFWaI9Mm,3.00,0.00,2000.00
fbbc38cb-ba21-4911-bbda-fb865824d498,CeraVe cup Moisturizing Cream,hFVz8drf0I7NVR7ZXoFj,3.00,15000.00,25000.00
8afa0196-640f-461a-a082-85e439d0c959,Stick Roll On Dove,i1lKZgcZVlBzkmQORY8f,0.00,2000.00,0.00
c1cd0d91-44c6-444f-a788-15ed6c845230,Gluta whiting wash ,iDAuLdnSozrHSGN77n4R,1.00,0.00,15000.00
0ceecbc6-10e1-4805-8455-c312705aa0d9,Pure White Carrot,iFwYwxV3wzD0CYcj2bnd,0.00,0.00,7000.00
26e4e927-aa65-42e1-b716-381172224564,Kids And Teens Lillies,iY25ni5bbMkoEJl3L7vp,6.00,5000.00,0.00
fbcc70f1-03fc-448b-8dbf-f271f45112c7,face oil control wash,ivhYaEYAbTRkeXfcJF7W,1.00,0.00,9000.00
187b772b-6f43-4101-a6b3-970f1f9e677e,Dubai Roll On,j9jig4tmVVmgK6uIjhNr,2.00,0.00,1500.00
c8cf4d1e-71f7-4a87-aba7-1aef81c9d9ff,Feah Scrub,jBPAJEkR3m8eRAhBKJKk,3.00,0.00,6000.00
a639371b-474e-4620-9c72-1733cef26c4e,Clear & smooth Gel Plus,jDOpca6aOvf7GOb7CrxM,1.00,0.00,1700.00
94255d8b-2cfe-4907-a059-abbd237472ac,vanxine vaseline,jG5PwtIxoujIk3RMu2WG,1.00,0.00,5000.00
561d703a-ef87-4881-8e05-7d4221b3937e,p2g body wash,jYvoRlAr56tpQgKZ9Zsl,0.00,0.00,12000.00
0a72ae75-faef-4ddc-821d-b963b900c40a,Musk Majnoon,jdqh4NkUhGRD48DVP3Dy,0.00,2300.00,0.00
15be53b4-e308-467b-b93e-a0be81552772,SAAM RENEWAL WASH,ji2keBQw4U34P6LMCl4h,1.00,6000.00,0.00
1a420b3d-c4d7-4fa1-bcfa-2c23b163b23d,AREINA cotton pads,kBLrrJrMlUwn7XfO1MjM,12.00,2000.00,3000.00
419d159a-0b7b-42d0-afde-cf38291b3c49,hawaiiansilk,kTMoBZuPXcthDYUmcApz,2.00,0.00,9000.00
034ce103-77f8-4006-b9d9-a267ea5aeeb1,Badee Al oud 50ml,kTbaZGeJWfl3mDjsIMwt,7.00,4166.00,0.00
1c0b285f-8008-466e-889e-b10313c92ec6,glutathione vitamin c,kTtkMrUYXfIjqCq5hHKB,0.00,0.00,18000.00
692f939a-3ceb-49ed-b8ff-8fc16eb81f45,hydroquinone cream,kX5w54FuWOmhbIa1hNnq,3.00,0.00,14000.00
c440a4d3-8056-4702-b1c7-9b720648ed37,Qaed Perfume 50ml,kD76h4isOpIeqT744aiK,5.00,0.00,7000.00
22955362-aa62-4c9f-89d9-12d985c9654e,roushoun body wash,kp4LTxlEwiBNMg4sxxB3,0.00,0.00,6000.00
d9cb504a-b65a-4c4a-9a84-e35db266cf5a,Cerave Hydrating Mineral Sunscreen,kw099Za1a9KFZdHfNOBz,4.00,0.00,20000.00
6504010d-bc52-4756-9471-0e2ccb14bf1c,My Way Imperio 25ml,lIArhdTbsXJpkk0ALE5R,0.00,2800.00,0.00
2be76e96-9231-4594-b97f-c9b2a885b257,Juli Gold Oil,mblsWbrkXthor1tAt78b,10.00,0.00,10000.00
759f2ef3-d114-401c-a159-ccd1014a3c95,Mary And May Eye Cream,l8DDKCb0o94lJroER60s,1.00,0.00,20000.00
b9bdb552-1b26-43d8-b1a9-763ce533491d,veet under eye partches,lHDjuJ1DKIII9tFy6yIc,2.00,0.00,7000.00
51b1d8de-a144-48c0-bd46-f376378e6b3a,Beauty Body Wash,lOLPLBurZTYVXAZQps9u,4.00,0.00,7500.00
1d21a3ba-fe4a-49ea-a9f8-6d84f681e9ca,Al Dirgham 100ml,lY8s77IO2lBcUjYdHagT,0.00,15000.00,0.00
da0f486a-9464-491c-9f38-5a0efcc791cc,Fogg perfum,lbN85bxmZALxICg6Tjuc,4.00,0.00,18000.00
5e9a98de-38ab-43b7-a55c-d54af5337316,Mosuf 100ml,ljLKFrtbuRWm34rO9vjO,31.00,12000.00,0.00
62851c9c-f244-410e-913a-fd34b2aeaa7c,Skin Success Soap,lqw3zlAYihxMZmnIBcNa,0.00,0.00,3500.00
0aa5e433-0a33-4f05-ab9c-728318a799e1,Bismid Snow White cup,m4FRrGKczfewOZxY6Hr7,3.00,0.00,12000.00
3dd9be5f-3dc9-4f80-806b-5fca815a9b12,Caviar Secret Injection,mCJH89X2e069y2pJB9Ba,8.00,0.00,12000.00
3e6bef1d-1926-4e91-b1ca-4d9e4906d43a,Longrich Antipespirant Dew,mDj78y7FwzkhwzlGuRi4,5.00,0.00,4500.00
11e85060-20c2-43f1-826c-f58db6ad6980,Rich And Pure Soap,mbukIs9rkFpNNFCsaJ4h,12.00,0.00,2000.00
0f49d69a-a2f5-4f18-8908-1c87538ed559,Bismid Vitamin C+AHA,mlUo4Vk2WArWJ5CZg4I2,2.00,0.00,10000.00
8ab031f7-2f78-4271-9791-30839cf10d3b,face fact UN WWIND,kBwbkfPRI5CRODu6HpYJ,18.00,0.00,8500.00
9dcca883-c925-46d3-9b95-6861491ae714,E-6 skin Lightening Body Lotion,mvJPKsrnA2Lds3hkZBbG,0.00,3000.00,0.00
77d02867-28aa-4504-aca7-6286ffb8648d,Hatomugi Sunscreen,n4f3mRvxEp045DVWjDL2,0.00,13000.00,0.00
d63403fc-932a-4ec1-a011-c5ca6d4ace64,blemish lotion,nGampkVOlInWTptgKe6I,1.00,12000.00,15000.00
7d574190-1cf9-468b-a078-1d549ebd0bed,sadoer thick beard oil,nKDRfTMzhuYasXQHHEIg,1.00,0.00,8000.00
d3632c4e-a2c8-4b43-abad-685f1fe42e6e,Sadoer Collagen Firming Gel,nL60sMmDsjTodE9yQeKI,2.00,0.00,8000.00
8cd2d9f1-3116-41e4-87e4-ca982cd1ee97,Matador,nNAvI1xvSef0eRRo8XUa,11.00,2250.00,0.00
efe9b2b6-abb6-4956-9e80-e36f68608947,jack 5 activator,nSKv3TPdAWqI8iSC7HKP,4.00,0.00,14000.00
c58cb191-5ec9-4b00-a856-1f30e1a54203,Alpha Abrutin Shower Gel,ngnJnV3k5qZQVUdZwMSc,8.00,6000.00,0.00
bd868f00-0b69-41f8-a186-80d14a90b670,active caviar drip oil,nLHZLohuFPTFZ1ZsZCsn,11.00,6000.00,10000.00
ab083c60-b533-42dc-a5ce-90d2312e1228,bolt spray,psemJALs8hNgIlWMfYEF,4.00,0.00,3500.00
a1707cc5-3d7c-4130-893f-8a08bf04fe14,Wave Spray,nbotlKUhHbiISIAPTTI9,7.00,0.00,3000.00
bd0a5d7d-9e34-4204-b6ce-9ce7a3048273,Royal Half Cast,nrk5XBsJ8gD4wgtRXH6i,1.00,0.00,8000.00
627f07b9-c19f-480a-a318-b21ac026fc11,Badee Al Oud,o3UsHdMx7NTmjR3lCotv,9.00,30000.00,0.00
5e998c28-86ea-439a-a25b-ee5aa7e3836f,Bauadi,o4rlITOZNsPIgaNcP4ik,1.00,0.00,15000.00
f337b2c2-ee81-4707-ac9a-002811475ce8,Ophelia 25ml,o7UqqMnwwbU11lxt8RGg,2.00,0.00,4000.00
9ef0c6a4-cf55-4ad1-8409-2c998dcf0b25,BIOCOS TUBE,n1GaVI5zvYs4k7TfMBV0,3.00,0.00,2500.00
c9b2082a-7c1d-461b-b875-6d772bb685d6,Mandy's Secret Extra Whitening,oCDCT3vwJJDekjmgmhgx,2.00,0.00,13000.00
33a65d58-4f4f-4e54-b775-528ad0ccb947,Gluta Plus 2000000mg,ogcqqdVIRVIQOkXP565L,1.00,0.00,10000.00
89afcbb0-4e7c-4860-be41-a8248e055d9e,Now pink 50ml,ouSxrJhWqTNatuz0Igh5,2.00,6000.00,0.00
51a179c3-45bb-4322-b6f4-a10352991250,Veet Gold Skin Tag And Wart Removal Cream,p8nGxIphxFE1dKSwMZlz,11.00,8000.00,0.00
8daad342-b850-4a4a-a565-e65a5f6da57d,loudas hair serum small ,p9dPJox2hLa7Dtxja9PL,1.00,0.00,2000.00
c4ab74ff-091b-46f9-8478-1c48a02ff56c,Yara 100ml,p9w9TzUT6gSgAS823Pjv,0.00,18000.00,0.00
e0f5bab8-2282-4d29-ba85-8343984b64a1,Palmer's Cocoa Butter Formula 200g,pIqsGJO64NVSukfSHdet,4.00,0.00,13000.00
ee9a00a8-9fbf-4556-94df-f2090f6f0614,Funbact A,pKqr1Wa9XqUAPWfjiel1,8.00,0.00,1200.00
1159067a-6758-4723-a3b8-ed6f213301ce,Square Kids,pNcTyFfa4aPeK9e2u687,16.00,2200.00,0.00
5020bbff-9635-4b85-9c28-739961d03968,pure white gold ,pOOJofwXErAykhqyuuF7,3.00,0.00,6000.00
4dfbf791-16e4-4499-9300-0a2af16972b0,Unknown,pharmacy:RL1PV1sv4bi4ujtt1k3l,4.00,0.00,0.00
27c55b25-095e-4b82-a476-8d6ce4b85771,Oxy 10,plYHgcQ1abyfhWWHTRGX,2.00,0.00,4000.00
4bfbe05e-4da5-4c50-af24-0f2adcc6a8e0,Olay Super Serum Lotion And Body Wash,prDU6i0Kf5rGdNgu9JzM,9.00,0.00,25000.00
94e5898d-5d12-4165-befc-eec21a33ac74,skeen point face cream,q4YFlb3I1A0XdhYIq0cN,5.00,0.00,10000.00
e141f2ce-00d6-4b01-b087-fdfd64cd4a1d,optifresh toothpaste,q9mA81C7gCoKe9VwVBG3,3.00,6500.00,0.00
b085a40a-c4fb-4ec0-90d8-6f213ff56552,ultra matte lipstick,nhwAfCK7DSjBrPxdwOk8,42.00,0.00,2500.00
a3143bb3-6f0d-4abd-a269-b0e9a6a22cb9,Collagen Powder,qF7LDhXJVRzjbR45Badk,3.00,0.00,16000.00
c5c65d26-3a16-4212-8cef-3d88b2bcc6d4,Extra Vagin Oil,qFQW4a2ubWxXJwxYqDhN,3.00,0.00,10000.00
7b9e6e80-077b-4b41-bb75-c5051debb56e,Palmers cocoa butter cup270g,qQ02rqGlAxmwIs0PFrew,0.00,12000.00,0.00
070dbf2c-6adb-4dc1-9b78-ccce79781e67,whitening skin 90000mg ,qRL5FUrk7GkJHfvhdyVr,2.00,0.00,8000.00
3ac6cbf6-a11f-4ea8-80cd-01cf8850d895,glutathione 9000mg ,qeFw02MSjofVVEfbyzIM,1.00,0.00,15000.00
e140411b-a87d-4c94-a759-3d1e342ea671,carrot magic face cream,qhCdzyxYqqMuk4hA1HFY,8.00,0.00,8000.00
359361f7-caed-4b82-9848-72ff049744b9,Healthy Glow Soap,qwuxHVzgqWVJuiOijbtj,22.00,1700.00,3500.00
33a33aac-1634-4abc-840c-5c310945bc60,Dancer Oud and women,qFimue8ykslNHx6Veo1p,24.00,2600.00,3500.00
73a0c747-1409-4b6f-b72f-87d01187a013,Dr Meinaier Toner,rCAmIDPjsTvNTBTiiOXA,8.00,0.00,2500.00
59fc5889-7da4-4814-928a-802df9da5ac9,caviar glow lotion,rIX2QS5rlElwcGhptoUk,4.00,0.00,10000.00
498f24eb-8e40-430d-8d8b-935630fc2303,Sexy Girl Perfume (Dream Girl),rPbSsiReuEPjNQWPdzvj,8.00,8000.00,0.00
e33c0c51-0c19-49bc-8ba3-e8c57df18684,beauty formula toner,rQCU3TpjyaTNBZPlviTQ,3.00,2000.00,0.00
340fecd9-b63c-4ae7-ab52-4a6ce934b06c,ZARON LIP OIL,rcbMYO7rvg3OyhXZZ9zY,2.00,0.00,6500.00
d3f222b4-62b6-45d7-ad46-d6fa98dd07f9,omilato studio fix,rqKuekLy8zLUDM0WFk4w,3.00,0.00,10000.00
bcaabe78-91ca-4139-957e-d0395767ce30,Parley 24k Gold Gleam,rzFi1Ig9BGE8NvYonnA4,0.00,4000.00,0.00
cad8a2ee-05d8-4f65-b20d-a3cadb461b06,Suger,sB6NAZA1Ri1EmcFLyL26,0.00,0.00,3500.00
2fa4fcc2-bf7f-4f65-bde5-a07eefcf3224,Vaseline Daily Brightening,sEjYB2ER7HKdgZDmzuHj,0.00,0.00,12000.00
ad448956-84f2-43a0-bce1-074705f21bfd,Healthy Glow Lotion 400ml,sGCfDMFJ6Qthw1legU9R,14.00,9000.00,0.00
665c7182-031d-4de2-8add-937e39a49a79,pawpaw lotion big,sHaZkEazKNqQxSAuC3q1,1.00,0.00,4500.00
cb81da97-637f-45ca-b21a-00c344e310ae,femFresh Active Wash,sJV32etuaQMamJxAaM3h,0.00,4166.00,0.00
c39005c2-47b3-4bd7-9681-217d8a88ffea,zaron max&mattypying powder,sXEZdrmwL19rdWqimFoW,2.00,7150.00,0.00
77c974d5-9f42-436b-97af-0f5cd1dd71d8,Hb56+ Paris,siADW6V4qWlXBxJig9cI,1.00,0.00,10000.00
aea1de57-17d7-4f04-b294-c5d2e4b62b80,Half cast x7,ssqJcy1g9NbPLJor4aYr,0.00,5500.00,0.00
093fb57d-9a5e-44cb-9c40-443aae210f9d,X White Halfcast Oil,sywsYQj3TwGy6A2024uz,12.00,0.00,6000.00
6c303035-c62f-45c5-a92f-3999b1fc2513,Miracle Derm,tGpxbBXGBMdlD5zI2DLD,0.00,0.00,2500.00
cb96caea-921a-4f14-9d2b-56398ec5494d,zaron face wash,tN2IF6qwFXxDCao8xFNP,1.00,12000.00,0.00
31b1c83d-43fe-462d-9d06-7b3df8de983d,maahir ,tSQhLdQGyKHBeH8XcTdA,1.00,0.00,40000.00
2a1304a7-a040-48e7-b409-b3633a3f2a9b,Estelin Face Wash,tYABsSyw1PBbx3729nMJ,3.00,4000.00,7000.00
523d445b-3807-4064-89f6-0932293f4d59,Paris Glow,tblNjEG8v1nQadqREG9w,6.00,0.00,9000.00
b84b982d-a126-4bc2-8eeb-b94c89aad68a,Clear Nature 3x Body lotion nd milk,u7riLdHm6oHGaNbvRRcb,3.00,0.00,20000.00
808666a8-de0e-4eab-acd2-d8b581f1097e,Advanced Snail 96 Essential,tSyAkCmGsOady9gD3uc1,8.00,12000.00,17000.00
e41609bb-b6d9-41d9-81b6-39efb927c56d,active balance,uD1Ul6jwksPZbQ2kyjyg,4.00,6250.00,0.00
81b2bc83-05fb-4b07-90c9-c421eb0bcb4e,Hayaati Black,uG2DXQkc72ZF3gVcORl2,0.00,0.00,22000.00
7c1eff0b-8aa5-4d34-ae1d-a7b7c5a267ad,Ms Beauty,uI6rrkWcRgttGNjLzH49,0.00,1500.00,0.00
dd250291-5350-4e04-9e5e-d9409a788362,Gluta c soap,tgv2GeXz0Uhbym1oLK19,26.00,1700.00,3000.00
16a5f0bb-9ab8-430d-b01e-193f4b750c95,5d Gluta Serum,uvcKFWtuSXpjdDUKzsXN,1.00,0.00,10000.00
957d902b-13aa-47f6-86a7-318cd0381e48,Zapzyt,v8d3SJF8Pvla0bFippWv,3.00,10000.00,0.00
8b00a0b9-62e3-4a52-8615-91ebbc47c41c,sos lotion ,vStm9rt9xkyduI6tyoHF,0.00,0.00,7000.00
9d5eff57-f201-407e-8ca3-16aa9e60c840,Tea Tree Facial Wipes,vkTWKrbiHwQgXlkwyWOs,0.00,1000.00,0.00
7bf624ba-f573-49ed-8e04-57c2163dabf9,Britain Half Cast Oil,w9joI87zosXwM6eUJZfy,0.00,0.00,8500.00
5e4a805b-23fd-4f23-a449-a0af151f6a32,Nature Care Supplement,wTfaDvszlUMGHXYmhEm3,0.00,0.00,8000.00
2bb2cc04-2659-4828-b4ed-0bd77a51f76b,Dove Lotion,wUSnvmVAL4cPgpFDHFYe,9.00,5666.00,0.00
65c822c3-379b-47ac-969f-cd5e4ca3cd03,Cetaphil Cup Cream,wVwpsg0x66WYmX7qHg7j,0.00,0.00,28000.00
c4ff786e-3dc4-4cdb-bb9a-49e5c2488255,Face Facts Moisturising Lotion,wYi4f1YJoatcXISAthh0,5.00,0.00,9000.00
e622a10e-777b-44d8-a93b-4ad9e9d59ffb,Fair And White F & W body wash,yreEKP80KeO1uJr3DAdl,2.00,9000.00,0.00
1fef8b1f-0055-478e-8656-de3fde95d07c,Mascolino perfume,wzT0e8xRGr3uKjbDrkKX,3.00,5000.00,0.00
363fa23b-521e-4db6-bfb5-01cf7cba799b,Eucerin sunscreen,wbAPYggKvznhUKnfD3Yz,3.00,13000.00,18000.00
99af7174-3b91-4d3b-bc22-ebd086cb3a94,Skin Whitening Supplement,x2f4WxNeNTAvZsKgIH5w,0.00,0.00,8000.00
2c6fe23a-808e-4a2c-bc0c-7ad2e6f087cd,Sadoer 5 Heavy Vitamin C 100g,x4NudS2iWTJuQ43bQ61K,10.00,0.00,7000.00
9a9b7c4d-2180-432e-83fd-8adf0c3a4b9e,super evening prime rose,xGZcloijWKSQMfPq4Y1e,0.00,0.00,10000.00
78fec48c-589d-48d9-bb46-b83a1a873513,Fix Dark Spot,xHGT5RD0vV7CeTRmT2gd,4.00,0.00,8000.00
084d053a-83e9-4448-9f9c-c52372af4e36,nature balance lotion,xIkeMv5Rk2wBVyGx3dWI,3.00,0.00,14000.00
703de854-820c-4e73-aee6-970cd43a2964,Neutrogena Hydro Boost 400ml,xN3inq4zCEo6eg49pdkf,6.00,0.00,15000.00
a2b6c754-4402-4b5c-8646-afdf01593050,f&w gold 2 maxitone,xUBSa0cMyGscyO1aScc9,2.00,0.00,23000.00
e02fcc84-47d5-495a-adb0-1992d57b1990,Premium Toner,xc3E6ap5Mucy1iHREe2O,2.00,0.00,20000.00
08da574c-c11a-4b1f-86c9-fec5364c377a,Eucerin,xh6hF9GnBcU3ja5tzVAM,2.00,0.00,25000.00
75a31d63-9e8a-49e0-b132-da0035e46d52,Wild Secret,y2UyAhyoim39DVJNH9Ml,6.00,0.00,3000.00
ae82bd35-11db-4383-bd67-39ad9a8c30fb,Alpha Nicol Perfume,y2XnzbErcCmAE9Xs2SXZ,6.00,0.00,4000.00
9d7fc93f-1bda-48d4-9fc2-0b0ffb7b27ee,epic foundation,yAvsFoY8KShArWqBgeDQ,1.00,0.00,10000.00
d3d121dc-648c-4a25-ae1b-3e735f7ce7da,U By Kotex,yFapwWBqCjNBnAAsc0KU,5.00,0.00,1500.00
b889f858-7ad2-4810-a939-b60b04e95c8c,Sadoer Collagen Firming Senes 80ml,yGfPxJuVzBwHnJMXLLtM,2.00,0.00,8000.00
6772acea-bb75-4031-87de-fe55230520ce,Half Cast Facial Cream,yS4jte6zywaR7v2IwkQq,5.00,5000.00,9000.00
2a7841ec-ad95-4dec-b7c1-358b4e36afc8,lait glutathione secret,yY0nB5tlw1PuiwRX3poW,1.00,0.00,11000.00
b5d6fd73-f8c4-4f93-a0f5-f93694f025f7,Warmkiss,ydvuPh00WSZ865EOZY1K,0.00,3000.00,0.00
13cd2309-d7a1-48f3-b86c-b15101f00374,St Ives Fresh Peach,yhl03HB589sB81LDBJDt,0.00,6250.00,0.00
97ba7a57-930b-4ac4-a118-cf215d7b18d4,cetaphil baby wash,z1XiQVpl4JyLShSR9bNG,8.00,9000.00,0.00
071dc6fb-5bc5-4c28-a4a0-db50d3f4e853,Black Opium,zF0BB042hVSiA9KOH8mY,5.00,10000.00,0.00
337b86fd-501a-4fb8-b68e-05cff547379e,Dove Purely Pampering Wash,zKyOkwrZz5SyiNqQFvjt,0.00,0.00,9000.00
4afc3bd2-a49d-4b69-a5f0-51286e8c5383,5d Oil,zMimJemmbbo9sN2HmeIU,0.00,0.00,15000.00
2ce3d3a0-1749-4631-b86c-b96c3f4b8f3f,Gillette,zOXUr734Nn4j6RjQKRpb,0.00,0.00,3500.00
60645646-7926-4485-b9d8-1031abc472f3,omilato foundation,zPllfSVJIyDJNkyj0vxz,1.00,7000.00,0.00
2fab3d24-595f-49b1-a9a0-ed42243571e6,zaron papaya wash,zzXUIxc0eTxseZcud2WM,2.00,0.00,14000.00
